,party,state,total_votes,split_votes,vote_perc
252,BJP,Uttar Pradesh,34318854,520018484,6.599545026941773
149,AITC,West Bengal,20316262,520018484,3.906834588595124
951,SP,Uttar Pradesh,17988967,520018484,3.459293766180819
96,ADMK,Tamil Nadu,17978922,520018484,3.457362104074747
241,BJP,Madhya Pradesh,16015695,520018484,3.0798318699763754
328,BSP,Uttar Pradesh,15914194,520018484,3.0603131407152055
233,BJP,Gujarat,15249243,520018484,2.932442493717204
247,BJP,Rajasthan,14895106,520018484,2.864341645209673
238,BJP,Karnataka,13350285,520018484,2.567271243381418
242,BJP,Maharashtra,13308961,520018484,2.5593246027770045
1027,YSRCP,Andhra Pradesh,13131029,520018484,2.525108126733434
482,INC,Karnataka,12666530,520018484,2.435784571073054
997,TDP,Andhra Pradesh,11729219,520018484,2.255538862730118
412,CPM,West Bengal,11723166,520018484,2.254374865644199
228,BJP,Bihar,10543025,520018484,2.02743274025621
485,INC,Madhya Pradesh,10340274,520018484,1.988443549248915
921,SHS,Maharashtra,10050652,520018484,1.9327489905147295
421,DMK,Tamil Nadu,9570666,520018484,1.8404472714858344
486,INC,Maharashtra,8830190,520018484,1.6980531022816487
254,BJP,West Bengal,8692297,520018484,1.6715361602415657
477,INC,Gujarat,8486083,520018484,1.6318810313673389
494,INC,Rajasthan,8230164,520018484,1.582667588408261
708,NCP,Maharashtra,7782275,520018484,1.4965381499785304
800,RJD,Bihar,7224893,520018484,1.3893531138404687
1004,TRS,Telangana,6736270,520018484,1.2953904923118078
499,INC,Uttar Pradesh,6061267,520018484,1.1655868371017366
563,JD(U),Bihar,5662444,520018484,1.088892832509392
483,INC,Kerala,5590285,520018484,1.0750165949870352
227,BJP,Assam,5507152,520018484,1.0590300478626833
237,BJP,Jharkhand,5207439,520018484,1.001394981183015
501,INC,West Bengal,4946911,520018484,0.9512952235751682
497,INC,Telangana,4755715,520018484,0.9145280689676408
493,INC,Punjab,4575879,520018484,0.8799454520928144
471,INC,Assam,4467295,520018484,0.8590646558632712
234,BJP,Haryana,3993527,520018484,0.7679586635616591
401,CPM,Kerala,3880655,520018484,0.7462532812583639
245,BJP,NCT OF Delhi,3838850,520018484,0.7382141439418527
897,SAD,Punjab,3636148,520018484,0.6992343756765385
558,JD(S),Karnataka,3406465,520018484,0.6550661379952025
58,AAAP,Punjab,3373062,520018484,0.6486427124771204
472,INC,Bihar,3021065,520018484,0.5809533878030382
533,INLD,Haryana,2799899,520018484,0.5384229765186577
56,AAAP,NCT OF Delhi,2722887,520018484,0.5236135029384841
478,INC,Haryana,2634905,520018484,0.5066944889597425
253,BJP,Uttarakhand,2429698,520018484,0.4672330070482648
998,TDP,Telangana,2370011,520018484,0.455755145811317
646,LJP,Bihar,2295929,520018484,0.44150911374142615
150,AIUDF,Assam,2237612,520018484,0.43029470467822833
249,BJP,Tamil Nadu,2223566,520018484,0.42759364684429185
419,DMDK,Tamil Nadu,2078843,520018484,0.3997632899525933
225,BJP,Andhra Pradesh,2077079,520018484,0.39942407124128304
516,IND,Kerala,2043666,520018484,0.3929987227146333
250,BJP,Telangana,2014829,520018484,0.38745334290848016
239,BJP,Kerala,1856796,520018484,0.3570634616134145
525,IND,Rajasthan,1806700,520018484,0.3474299578935736
757,PMK,Tamil Nadu,1804812,520018484,0.34706689387602613
496,INC,Tamil Nadu,1750990,520018484,0.3367168771639279
481,INC,Jharkhand,1724740,520018484,0.33166897967419173
235,BJP,Himachal Pradesh,1652995,520018484,0.31787235470653
518,IND,Maharashtra,1577114,520018484,0.3032803733953426
624,JVM,Jharkhand,1567655,520018484,0.30146139959132684
506,IND,Bihar,1533264,520018484,0.2948479808267738
500,INC,Uttarakhand,1494440,520018484,0.2873820923642399
505,IND,Assam,1436900,520018484,0.27631710106673824
669,MDMK,Tamil Nadu,1417535,520018484,0.2725931949757386
529,IND,Uttar Pradesh,1414869,520018484,0.27208052089163814
352,CPI,Kerala,1364010,520018484,0.26230029161809565
409,CPM,Tripura,1295436,520018484,0.24911345266719404
321,BSP,Maharashtra,1271680,520018484,0.24454515351419703
479,INC,Himachal Pradesh,1260477,520018484,0.242390807016006
862,RSP,West Bengal,1255794,520018484,0.24149026210383706
490,INC,NCT OF Delhi,1253078,520018484,0.240967972976899
246,BJP,Punjab,1209004,520018484,0.23249250501641783
610,JMM,Jharkhand,1205031,520018484,0.23172849371254273
366,CPI,West Bengal,1202785,520018484,0.23129658598827807
236,BJP,Jammu & Kashmir,1154220,520018484,0.2219574948801243
320,BSP,Madhya Pradesh,1124772,520018484,0.2162946192504957
121,AIFB,West Bengal,1106038,520018484,0.21269205500010652
989,SWP,Maharashtra,1105073,520018484,0.21250648467334093
52,AAAP,Maharashtra,1088997,520018484,0.20941505610019817
262,BLSP,Bihar,1078473,520018484,0.20739128188374165
526,IND,Tamil Nadu,866317,520018484,0.16659350131869544
1028,YSRCP,Telangana,864406,520018484,0.16622601438144263
469,INC,Andhra Pradesh,822614,520018484,0.1581893769760692
64,AAAP,Uttar Pradesh,821302,520018484,0.15793707825201075
543,IUML,Kerala,816226,520018484,0.15696095910313834
480,INC,Jammu & Kashmir,815510,520018484,0.156823271689704
94,AD,Uttar Pradesh,812325,520018484,0.15621079346094935
309,BSP,Bihar,765758,520018484,0.1472559194645858
597,JKPDP,Jammu & Kashmir,732644,520018484,0.14088806889410493
732,NPF,Nagaland,713372,520018484,0.1371820467827832
679,MNS,Maharashtra,708010,520018484,0.13615092958887978
444,HJCBL,Haryana,703698,520018484,0.13532172829456576
814,RLD,Uttar Pradesh,689409,520018484,0.13257394135243852
527,IND,Telangana,683159,520018484,0.13137206099773946
127,AIMIM,Telangana,680132,520018484,0.13078996630435158
325,BSP,Rajasthan,633786,520018484,0.12187759079733018
1013,VCK,Tamil Nadu,606110,520018484,0.11655547228586591
31, ,Uttar Pradesh,592331,520018484,0.11390575878068213
487,INC,Manipur,588872,520018484,0.11324059011717745
28, ,Tamil Nadu,581782,520018484,0.11187717704280681
4, ,Bihar,580964,520018484,0.11171987494198378
102,AGP,Assam,577730,520018484,0.11109797397124829
33, ,West Bengal,571294,520018484,0.10986032565719336
517,IND,Madhya Pradesh,548867,520018484,0.10554759434281956
510,IND,Gujarat,542006,520018484,0.10422821816464507
314,BSP,Haryana,527013,520018484,0.10134505141936455
747,PECP,Uttar Pradesh,500482,520018484,0.09624311738888112
524,IND,Punjab,498039,520018484,0.09577332639583634
774,PWPI,Maharashtra,497721,520018484,0.09571217472338925
45,AAAP,Haryana,487941,520018484,0.09383147234435614
515,IND,Karnataka,483513,520018484,0.09297996415065891
153,AJSUP,Jharkhand,481667,520018484,0.092624976769095
531,IND,West Bengal,473000,520018484,0.09095830524362669
370,CPI(ML)(L),Bihar,463045,520018484,0.089043950214662
9, ,Gujarat,454885,520018484,0.08747477522356686
866,RSPS,Maharashtra,451843,520018484,0.08688979601732773
232,BJP,Goa,436679,520018484,0.08397374582554261
18, ,Maharashtra,433171,520018484,0.08329915442005711
703,NCP,Bihar,431292,520018484,0.08293782111022038
514,IND,Jharkhand,426224,520018484,0.08196324036820199
635,KEC(M),Kerala,424194,520018484,0.08157286962899572
346,CPI,Bihar,413347,520018484,0.07948698223580837
488,INC,Meghalaya,408925,520018484,0.07863662784725167
860,RSP,Kerala,408528,520018484,0.07856028440712119
589,JKN,Jammu & Kashmir,396713,520018484,0.07628824978459804
17, ,Madhya Pradesh,391837,520018484,0.075350590807076
197,BBM,Maharashtra,360854,520018484,0.06939253336233332
775,QED,Uttar Pradesh,354577,520018484,0.06818546088450193
984,SUCI,West Bengal,350616,520018484,0.06742375719090785
51,AAAP,Madhya Pradesh,349488,520018484,0.06720684182449176
39,AAAP,Bihar,338637,520018484,0.06512018522787741
288,BOPF,Assam,330106,520018484,0.06347966661892734
26, ,Rajasthan,327911,520018484,0.06305756623835701
730,NPEP,Rajasthan,325334,520018484,0.0625620069305075
373,CPI(ML)(L),Jharkhand,319222,520018484,0.06138666409404017
491,INC,Nagaland,313147,520018484,0.060218436389272656
927,SJD,Kerala,307597,520018484,0.05915116663429987
498,INC,Tripura,307592,520018484,0.05915020513001611
138,AITC,Jharkhand,306332,520018484,0.058907906050508774
559,JD(S),Kerala,303595,520018484,0.058381578605578945
44,AAAP,Gujarat,301558,520018484,0.05798986176037543
476,INC,Goa,298750,520018484,0.05744988095461622
333,BVA,Maharashtra,293681,520018484,0.05647510791174107
731,NPF,Manipur,281133,520018484,0.05406211676121882
226,BJP,Arunachal Pradesh,275344,520018484,0.052948887101482336
910,SDPI,Kerala,273849,520018484,0.05266139732063832
59,AAAP,Rajasthan,272641,520018484,0.05242909788568208
503,IND,Andhra Pradesh,266507,520018484,0.05124952443036621
318,BSP,Karnataka,265006,520018484,0.05096088084438168
324,BSP,Punjab,263227,520018484,0.05061877762022013
773,PT,Tamil Nadu,262812,520018484,0.050538972764668115
522,IND,NCT OF Delhi,261664,520018484,0.05031821138111698
14, ,Karnataka,257881,520018484,0.04959073724002472
50,AAAP,Kerala,256662,520018484,0.049356322495644214
128,AINRC,Puducherry,255826,520018484,0.04919555897939966
49,AAAP,Karnataka,254501,520018484,0.04894076034420346
330,BSP,West Bengal,252594,520018484,0.04857404261037768
470,INC,Arunachal Pradesh,246084,520018484,0.04732216403292311
313,BSP,Gujarat,243949,520018484,0.046911601703757896
705,NCP,Gujarat,240466,520018484,0.046241817819691194
729,NPEP,Meghalaya,239301,520018484,0.046017787321575285
661,MAMAK,Tamil Nadu,236679,520018484,0.045513574475171924
327,BSP,Telangana,226204,520018484,0.043499223000696266
513,IND,Jammu & Kashmir,223498,520018484,0.04297885688232574
946,SP,Madhya Pradesh,221306,520018484,0.04255733340432568
407,CPM,Tamil Nadu,220632,520018484,0.042427722626874935
362,CPI,Tamil Nadu,219866,520018484,0.04228042017060301
556,JBSP,Jharkhand,215607,520018484,0.04146141082169687
801,RJD,Jharkhand,212571,520018484,0.040877585420598245
277,BMUP,Maharashtra,212129,520018484,0.04079258844191392
15, ,Kerala,210563,520018484,0.04049144530024052
489,INC,Mizoram,210485,520018484,0.04047644583341388
329,BSP,Uttarakhand,207846,520018484,0.03996896387244573
547,IUML,Tamil Nadu,205896,520018484,0.03959397720177962
521,IND,Mizoram,204331,520018484,0.03929302636096297
594,JKP,Jharkhand,203869,520018484,0.03920418336514361
61,AAAP,Tamil Nadu,203026,520018484,0.0390420737429018
356,CPI,Manipur,197428,520018484,0.03796557354680492
492,INC,Puducherry,194972,520018484,0.03749328264262237
147,AITC,Tripura,194755,520018484,0.03745155335670722
229,BJP,Chandigarh,191362,520018484,0.036799076549748184
511,IND,Haryana,191278,520018484,0.03678292327778103
13, ,Jharkhand,190927,520018484,0.036715425677061125
609,JMM,Bihar,189265,520018484,0.036395821653139544
628,JaSPa,Andhra Pradesh,189130,520018484,0.036369861037478045
363,CPI,Telangana,187702,520018484,0.036095255414036395
1, ,Andhra Pradesh,185562,520018484,0.035683731580587436
404,CPM,Maharashtra,181629,520018484,0.03492741231098239
520,IND,Meghalaya,180658,520018484,0.03474068817907634
308,BSP,Andhra Pradesh,171363,520018484,0.032953251715567865
431,GGP,Madhya Pradesh,169453,520018484,0.03258595707917183
243,BJP,Manipur,168272,520018484,0.03235884976734788
906,SDF,Sikkim,163698,520018484,0.03147926564856491
655,LSP,Telangana,158248,520018484,0.030431225979267305
326,BSP,Tamil Nadu,155951,520018484,0.0299895109113083
29, ,Telangana,154992,520018484,0.029805094389683272
282,BMUP,Uttar Pradesh,153830,520018484,0.029581640794137616
916,SHS,Bihar,147906,520018484,0.02844245051873964
3, ,Assam,147057,520018484,0.028279187091357315
267,BMUP,Bihar,144964,520018484,0.027876701398175687
317,BSP,Jharkhand,140141,520018484,0.026949234366061496
95,ADMK,Puducherry,132657,520018484,0.025510054754130627
364,CPI,Uttar Pradesh,129471,520018484,0.02489738422451922
1047,nuzp,Rajasthan,124990,520018484,0.024035684085414163
933,SKM,Sikkim,121956,520018484,0.02345224328602904
473,INC,Chandigarh,121720,520018484,0.023406860283835602
251,BJP,Tripura,115319,520018484,0.02217594249976699
905,SBSP,Uttar Pradesh,111433,520018484,0.021428661370429286
665,MCO,Jharkhand,110185,520018484,0.021188669901202974
40,AAAP,Chandigarh,108679,520018484,0.020899064810934682
408,CPM,Telangana,108458,520018484,0.020856566321592523
1007,UDP,Meghalaya,106817,520018484,0.020541000615662733
134,AITC,Assam,106661,520018484,0.02051100168200944
395,CPM,Bihar,106297,520018484,0.020441004170151766
765,PPOI,Telangana,103462,520018484,0.01989583124126026
566,JD(U),Gujarat,101660,520018484,0.019549305097393423
322,BSP,NCT OF Delhi,101609,520018484,0.019539497753699078
148,AITC,Uttar Pradesh,99486,520018484,0.019131243034814893
938,SP,Bihar,98331,520018484,0.018909135545266503
354,CPI,Madhya Pradesh,96683,520018484,0.01859222373333945
244,BJP,Meghalaya,95979,520018484,0.018456843930186144
825,RPD,Uttar Pradesh,95644,520018484,0.018392423143174273
151,AIUDF,West Bengal,95428,520018484,0.01835088615811587
224,BJP,Andaman & Nicobar Islands,90969,520018484,0.017493416637859357
48,AAAP,Jharkhand,89302,520018484,0.017172851109654018
568,JD(U),Jharkhand,86092,520018484,0.016555565359480568
207,BED,Bihar,83906,520018484,0.016135195686621015
468,INC,Andaman & Nicobar Islands,83157,520018484,0.01599116234491388
1025,WPOI,Telangana,83122,520018484,0.015984431814927563
230,BJP,Dadra & Nagar Haveli,80790,520018484,0.015535986216982243
406,CPM,Rajasthan,78856,520018484,0.015164076360024155
350,CPI,Jharkhand,78029,520018484,0.015005043551490372
530,IND,Uttarakhand,76158,520018484,0.014645248648507655
474,INC,Dadra & Nagar Haveli,74576,520018484,0.014341028693126224
829,RPI,Maharashtra,73984,520018484,0.014227186585929127
947,SP,Maharashtra,73732,520018484,0.014178726770027659
763,PPOI,Andhra Pradesh,72410,520018484,0.013924505037401707
839,RPI(A),Maharashtra,71808,520018484,0.013808739921637093
319,BSP,Kerala,71316,520018484,0.013714127900115182
614,JPC,Jammu & Kashmir,71154,520018484,0.013682975161321382
361,CPI,Rajasthan,70933,520018484,0.013640476671979223
65,AAAP,Uttarakhand,70328,520018484,0.01352413465364435
1023,WPOI,Kerala,68332,520018484,0.013140302143567652
399,CPM,Jharkhand,68212,520018484,0.013117226040757428
394,CPM,Assam,64945,520018484,0.012488979141749124
46,AAAP,Himachal Pradesh,63351,520018484,0.012182451576086668
709,NCP,Manipur,61662,520018484,0.011857655429032788
611,JMM,West Bengal,61451,520018484,0.011817079948258147
582,JDP,West Bengal,60608,520018484,0.011654970326016334
420,DMK,Puducherry,60580,520018484,0.011649585902027283
25, ,Punjab,58754,520018484,0.011298444537598398
84,ABML(S),Telangana,57644,520018484,0.011084990586603841
943,SP,Jharkhand,57401,520018484,0.01103826147841314
284,BMUP,West Bengal,56383,520018484,0.010842499206239755
928,SJP(R),Bihar,56145,520018484,0.010796731602332812
36,AAAP,Andhra Pradesh,55639,520018484,0.010699427368816376
355,CPI,Maharashtra,55533,520018484,0.010679043478000678
360,CPI,Punjab,54785,520018484,0.010535202437150292
316,BSP,Jammu & Kashmir,54091,520018484,0.010401745642564506
583,JDR,Bihar,53864,520018484,0.010358093348081835
874,RUC,Uttar Pradesh,53792,520018484,0.010344247686395702
578,JD(U),Uttar Pradesh,53560,520018484,0.010299633887629271
143,AITC,Manipur,52655,520018484,0.010125601612268843
953,SP,West Bengal,51660,520018484,0.00993426225980075
163,AMB,West Bengal,51550,520018484,0.009913109165558046
393,CPM,Andhra Pradesh,50066,520018484,0.009627734694138296
1001,TNMC,Tamil Nadu,49024,520018484,0.009427357201402864
32, ,Uttarakhand,48043,520018484,0.009238710060929295
1026,WPOI,West Bengal,48006,520018484,0.009231594929229477
913,SDPI,West Bengal,47861,520018484,0.009203711305000459
760,PPA,Arunachal Pradesh,47018,520018484,0.009041601682758645
231,BJP,Daman & Diu,46960,520018484,0.009030448233067038
271,BMUP,Gujarat,46956,520018484,0.00902967902964003
135,AITC,Bihar,46850,520018484,0.009009295138824334
62,AAAP,Telangana,46848,520018484,0.00900891053711083
823,RP(K),Telangana,45977,520018484,0.008841416490879966
335,BVM,Bihar,45667,520018484,0.008781803225286891
591,JKNPP,Jammu & Kashmir,43452,520018484,0.008355856827581536
863,RSPK(B),Kerala,43051,520018484,0.008278744184024044
519,IND,Manipur,43013,520018484,0.008271436751467473
706,NCP,Karnataka,42738,520018484,0.008218554015860713
369,CPI(ML)(L),Assam,42015,520018484,0.008079520496429123
912,SDPI,Tamil Nadu,42003,520018484,0.008077212886148101
581,JDP,Jharkhand,41387,520018484,0.007958755558388958
843,RPI(A),Telangana,40507,520018484,0.0077895308044473284
274,BMUP,Jharkhand,39752,520018484,0.007644343657599679
22, ,NCT OF Delhi,39690,520018484,0.007632421004481064
192,BA S D,Madhya Pradesh,39629,520018484,0.007620690652219201
280,BMUP,Rajasthan,39487,520018484,0.007593383930560438
1052,ravp,Bihar,38992,520018484,0.00749819500646827
336,BYS,Rajasthan,38633,520018484,0.007429158998894355
777,RADP,Jharkhand,38322,520018484,0.0073693534324445285
971,SUCI,Assam,37850,520018484,0.007278587428057654
475,INC,Daman & Diu,37738,520018484,0.007257049732101445
380,CPI(ML)(L),Uttar Pradesh,37712,520018484,0.007252049909825898
176,APoI,Maharashtra,37301,520018484,0.007173014257700885
299,BSCP,Madhya Pradesh,36913,520018484,0.0070984015252811665
697,NAP,Uttar Pradesh,36181,520018484,0.00695763729813881
276,BMUP,Madhya Pradesh,36117,520018484,0.006945330043306692
898,SAD(M),Punjab,35516,520018484,0.006829757228398828
400,CPM,Karnataka,35465,520018484,0.006819949884704482
382,CPI(ML)(L),West Bengal,34843,520018484,0.00670033875180483
10, ,Haryana,34220,520018484,0.006580535318048426
616,JPS,Bihar,33910,520018484,0.006520922052455351
112,AIFB,Jharkhand,33873,520018484,0.006513806920755532
632,KAP,Karnataka,33172,520018484,0.006379004020172482
888,RaJSP,West Bengal,32514,520018484,0.006252470056429764
759,PMSP,Uttar Pradesh,32138,520018484,0.006180164934291066
300,BSCP,Uttar Pradesh,31681,520018484,0.006092283442755469
12, ,Jammu & Kashmir,31550,520018484,0.006067092030520977
145,AITC,Rajasthan,31160,520018484,0.005992094696387754
20, ,Meghalaya,30145,520018484,0.005796909326784622
550,IUML,West Bengal,29564,520018484,0.005685182529011796
11, ,Himachal Pradesh,29155,520018484,0.0056065314786002875
396,CPM,Gujarat,28958,520018484,0.005568648209820172
962,SPP,Uttar Pradesh,28939,520018484,0.005564994493541887
345,CPI,Assam,28930,520018484,0.00556326378583112
38,AAAP,Assam,28613,520018484,0.0055023044142407836
512,IND,Himachal Pradesh,28507,520018484,0.005481920523425087
645,LD,Uttar Pradesh,28238,520018484,0.005430191592958838
351,CPI,Karnataka,28203,520018484,0.005423461062972523
925,SHS,Uttar Pradesh,27844,520018484,0.005354425055398607
1048,pjdl,Andhra Pradesh,27743,520018484,0.0053350026688666705
584,JGP,Rajasthan,27624,520018484,0.0053121188669132
615,JPJD,Bihar,27619,520018484,0.005311157362629441
713,NCP,Uttar Pradesh,27566,520018484,0.005300965417221592
909,SDPI,Karnataka,27254,520018484,0.005240967549915015
1041,jhspt,Uttar Pradesh,27122,520018484,0.005215583836823769
43,AAAP,Goa,27103,520018484,0.005211930120545484
523,IND,Puducherry,26771,520018484,0.005148086236103869
809,RKSP,Bihar,25921,520018484,0.004984630507864794
398,CPM,Himachal Pradesh,25399,520018484,0.0048842494606403265
939,SP,Gujarat,24729,520018484,0.0047554078866165845
937,SP,Assam,24650,520018484,0.004740216118933188
976,SUCI,Karnataka,24118,520018484,0.004637912063141202
30, ,Tripura,23783,520018484,0.00457349127612933
184,ASP,Uttar Pradesh,23316,520018484,0.004483686776026215
315,BSP,Himachal Pradesh,22928,520018484,0.004409074043606496
668,MD,Uttar Pradesh,22774,520018484,0.00437945971166671
756,PMK,Puducherry,22754,520018484,0.004375613694531674
742,PDS,West Bengal,22284,520018484,0.004285232291858302
24, ,Puducherry,22268,520018484,0.004282155478150273
349,CPI,Haryana,22068,520018484,0.004243695306799903
576,JD(U),Rajasthan,21760,520018484,0.004184466642920331
707,NCP,Lakshadweep,21665,520018484,0.004166198061528905
605,JMBP,Rajasthan,21641,520018484,0.004161582840966861
222,BJKVP,Bihar,21524,520018484,0.004139083640726894
535,IPFT,Tripura,21326,520018484,0.004101008071090027
769,PRSP,Madhya Pradesh,21284,520018484,0.004092931435106449
397,CPM,Haryana,21168,520018484,0.004070624535723234
108,AIFB,Assam,20579,520018484,0.003957359331096392
286,BNJD,Gujarat,20209,520018484,0.003886208014098207
845,RPI(A),West Bengal,20144,520018484,0.003873708458409336
484,INC,Lakshadweep,20130,520018484,0.0038710162464148097
542,IUML,Jharkhand,19543,520018484,0.0037581356435014723
662,MBCOI,Uttar Pradesh,19417,520018484,0.0037339057355507384
194,BA S D,Rajasthan,19349,520018484,0.0037208292772916126
932,SKLP,Bihar,19253,520018484,0.0037023683950434347
175,APoI,Madhya Pradesh,19063,520018484,0.0036658312322605828
836,RPI(A),Karnataka,18886,520018484,0.003631793980615504
804,RJNP,West Bengal,18210,520018484,0.0035017986014512516
977,SUCI,Kerala,18126,520018484,0.003485645329484096
572,JD(U),Maharashtra,17995,520018484,0.0034604539172496027
405,CPM,Punjab,17965,520018484,0.0034546848915470475
689,MwSP,Uttar Pradesh,17890,520018484,0.0034402623272906585
528,IND,Tripura,17764,520018484,0.003416032419339925
944,SP,Karnataka,17582,520018484,0.0033810336634110877
418,DFBL,Tamil Nadu,17465,520018484,0.0033585344631711206
952,SP,Uttarakhand,17441,520018484,0.003353919242609076
509,IND,Goa,17152,520018484,0.0032983442950077907
538,ISSP,Uttar Pradesh,16903,520018484,0.0032504613816765793
996,SamSP,Madhya Pradesh,16501,520018484,0.003173156437262334
178,ARP,Maharashtra,16461,520018484,0.00316546440299226
449,HJP,Rajasthan,16377,520018484,0.003149311131025104
403,CPM,Madhya Pradesh,16375,520018484,0.0031489265293116004
686,MaSP,Andhra Pradesh,16298,520018484,0.0031341193633417077
950,SP,Tamil Nadu,16161,520018484,0.0031077741459667033
972,SUCI,Bihar,16143,520018484,0.0031043127305451705
992,SaBP,Bihar,16078,520018484,0.0030918131748562997
161,AMB,Jharkhand,16045,520018484,0.0030854672465834886
384,CPIM,Karnataka,16031,520018484,0.003082775034588963
310,BSP,Chandigarh,15934,520018484,0.003064121851484033
1024,WPOI,Maharashtra,15909,520018484,0.003059314330065237
949,SP,Rajasthan,15891,520018484,0.0030558529146437036
833,RPI(A),Bihar,15865,520018484,0.0030508530923681553
80,ABJS,Bihar,15745,520018484,0.003027776989557933
659,MADP,Uttar Pradesh,15742,520018484,0.0030272000869876773
931,SJPA,Karnataka,15474,520018484,0.0029756634573781804
172,APCP,Bihar,15370,520018484,0.0029556641682759875
114,AIFB,Madhya Pradesh,15135,520018484,0.002910473466939302
629,JaSPa,Telangana,15130,520018484,0.002909511962655543
383,CPIM,Jharkhand,14898,520018484,0.002864898163889113
586,JHP,Bihar,14754,520018484,0.002837206840516846
599,JMBP,Bihar,14741,520018484,0.0028347069293790717
844,RPI(A),Uttar Pradesh,14716,520018484,0.0028298994079602757
771,PSS,Bihar,14572,520018484,0.0028022080845880085
766,PRCP,Maharashtra,14238,520018484,0.0027379795984328894
560,JD(S),Maharashtra,14234,520018484,0.002737210395005882
896,S(J),Uttar Pradesh,14152,520018484,0.0027214417247522302
617,JPS,Uttar Pradesh,13786,520018484,0.002651059611181052
446,HJP,Gujarat,13745,520018484,0.0026431752760542257
263,BMF,Bihar,13726,520018484,0.0026395215597759406
390,CPIM,Uttar Pradesh,13532,520018484,0.002602215193566081
539,IUC,West Bengal,13527,520018484,0.0026012536892823217
142,AITC,Maharashtra,13361,520018484,0.002569331747061514
683,MPS(T),Maharashtra,13339,520018484,0.0025651011282129734
348,CPI,Gujarat,13270,520018484,0.0025518323690970953
571,JD(U),Madhya Pradesh,13116,520018484,0.00252221803715731
378,CPI(ML)(L),Tamil Nadu,13081,520018484,0.002515487507170995
699,NBDP,Uttar Pradesh,13044,520018484,0.0025083723754711763
642,LD,Bihar,13013,520018484,0.0025024110489118693
359,CPI,Puducherry,12709,520018484,0.002443951588459306
858,RSMD,Uttar Pradesh,12383,520018484,0.0023812615091582012
585,JHAP,West Bengal,12240,520018484,0.0023537624866426863
923,SHS,Punjab,12186,520018484,0.0023433782403780865
109,AIFB,Bihar,12179,520018484,0.0023420321343808233
711,NCP,Rajasthan,12149,520018484,0.0023362631086782677
1017,VIP,Uttar Pradesh,12122,520018484,0.0023310709855459675
625,JVM,West Bengal,12117,520018484,0.0023301094812622084
115,AIFB,Maharashtra,12076,520018484,0.0023222251461353823
179,ARPS,Andhra Pradesh,12042,520018484,0.0023156869170058193
180,ARVP,Uttar Pradesh,12037,520018484,0.00231472541272206
66,AAAP,West Bengal,11986,520018484,0.0023049180690277154
136,AITC,Goa,11941,520018484,0.002296264530473882
532,INL,Uttar Pradesh,11924,520018484,0.0022929954159091005
55,AAAP,Mizoram,11890,520018484,0.0022864571867795376
569,JD(U),Karnataka,11867,520018484,0.002282034267074245
413,CSM,Madhya Pradesh,11837,520018484,0.0022762652413716895
728,NPEP,Madhya Pradesh,11813,520018484,0.002271650020809645
821,RP(K),Andhra Pradesh,11778,520018484,0.00226491949082333
433,GGP,Uttar Pradesh,11770,520018484,0.0022633810839693155
376,CPI(ML)(L),Punjab,11605,520018484,0.002231651442605259
907,SDP,Andhra Pradesh,11393,520018484,0.0021908836609738666
381,CPI(ML)(L),Uttarakhand,11392,520018484,0.0021906913601171148
279,BMUP,Punjab,11379,520018484,0.0021881914489793406
100,ADSP,Gujarat,11362,520018484,0.002184922334414559
990,SWPI,Uttar Pradesh,11361,520018484,0.0021847300335578073
158,AKBMP,Bihar,11221,520018484,0.002157807913612548
331,BSP(A),Punjab,11104,520018484,0.002135308713372581
856,RSMD,Bihar,11075,520018484,0.002129731988526777
385,CPIM,Kerala,11070,520018484,0.0021287704842430175
432,GGP,Maharashtra,10919,520018484,0.002099733054873488
623,JVD,Jharkhand,10870,520018484,0.002090310312892647
1053,rdsc,Assam,10800,520018484,0.0020768492529200174
806,RJPK,Uttar Pradesh,10797,520018484,0.002076272350349762
631,JeSM,West Bengal,10564,520018484,0.00203146625072658
389,CPIM,Tamil Nadu,10543,520018484,0.002027427932734791
541,IUML,Bihar,10538,520018484,0.002026466428451032
900,SAP,Madhya Pradesh,10422,520018484,0.0020041595290678166
967,SSKP,Uttar Pradesh,10239,520018484,0.0019689684722822274
919,SHS,Kerala,10181,520018484,0.00195781502259062
198,BBMP,Bihar,10160,520018484,0.0019537767045988315
8, ,Goa,10103,520018484,0.0019428155557639755
347,CPI,Goa,10077,520018484,0.0019378157334884274
891,RsAD,Madhya Pradesh,10037,520018484,0.001930123699218353
647,LKJP,Bihar,10026,520018484,0.0019280083897940828
812,RKSP,Uttar Pradesh,10020,520018484,0.0019268545846535716
144,AITC,NCT OF Delhi,9921,520018484,0.0019078167998351381
63,AAAP,Tripura,9852,520018484,0.0018945480407192602
958,SP(I),Rajasthan,9707,520018484,0.0018666644164902417
846,RPI(KH),Andhra Pradesh,9703,520018484,0.0018658952130632342
372,CPI(ML)(L),Gujarat,9702,520018484,0.0018657029122064823
957,SP(I),Nagaland,9695,520018484,0.0018643568062092191
764,PPOI,Karnataka,9606,520018484,0.0018472420299583043
743,PECP,Bihar,9585,520018484,0.0018432037119665153
430,GGP,Bihar,9580,520018484,0.001842242207682756
344,BhSMP,Rajasthan,9579,520018484,0.0018420499068260042
903,SARP,Uttar Pradesh,9561,520018484,0.0018385884914044709
1021,WPOI,Andhra Pradesh,9529,520018484,0.0018324348639884116
1015,VIP,Bihar,9519,520018484,0.0018305118554208931
377,CPI(ML)(L),Rajasthan,9512,520018484,0.00182916574942363
67,AAMJP,Uttar Pradesh,9371,520018484,0.0018020513286216187
281,BMUP,Telangana,9344,520018484,0.0017968592054893187
101,ADUP,Uttar Pradesh,9265,520018484,0.0017816674378059224
608,JMM,Assam,9263,520018484,0.0017812828360924185
1008,UMK,Tamil Nadu,9194,520018484,0.0017680140769765406
133,AITC,Arunachal Pradesh,9135,520018484,0.0017566683264281814
595,JKP(N),Jharkhand,9062,520018484,0.0017426303638852962
544,IUML,Madhya Pradesh,9053,520018484,0.0017408996561745292
205,BDBRAJP,Karnataka,8990,520018484,0.0017287847021991627
955,SP(I),Maharashtra,8986,520018484,0.0017280154987721552
1002,TPGC,Tripura,8952,520018484,0.0017214772696425922
458,HiPPa,Maharashtra,8853,520018484,0.0017024394848241587
667,MCPI,Telangana,8824,520018484,0.001696862759978355
54,AAAP,Meghalaya,8815,520018484,0.0016951320522675883
209,BEMP,Bihar,8729,520018484,0.0016785941785869287
810,RKSP,Jharkhand,8686,520018484,0.0016703252417465991
379,CPI(ML)(L),Tripura,8670,520018484,0.0016672484280385695
832,RPI,Telangana,8609,520018484,0.0016555180757767064
177,APoI,Rajasthan,8558,520018484,0.001645710732082362
165,AMS,Madhya Pradesh,8544,520018484,0.0016430185200878359
220,BJKD,Bihar,8541,520018484,0.0016424416175175804
507,IND,Chandigarh,8496,520018484,0.001633788078963747
675,MMKA,Tamil Nadu,8468,520018484,0.0016284036549746952
941,SP,Himachal Pradesh,8444,520018484,0.0016237884344126507
157,AKBJHP,West Bengal,8364,520018484,0.0016084043658725023
57,AAAP,Puducherry,8307,520018484,0.0015974432170376468
156,AKBJHP,Jharkhand,8252,520018484,0.0015868666699162947
982,SUCI,Tripura,8202,520018484,0.001577251627078702
807,RJVP,Rajasthan,8152,520018484,0.0015676365842411093
641,LB,Maharashtra,8071,520018484,0.0015520602148442093
448,HJP,Maharashtra,8015,520018484,0.0015412913668661054
914,SHP,Telangana,7953,520018484,0.0015293687137474905
457,HVD,Bihar,7921,520018484,0.0015232150863314312
975,SUCI,Jharkhand,7890,520018484,0.0015172537597721238
374,CPI(ML)(L),Karnataka,7885,520018484,0.0015162922554883647
636,KMBS,Uttar Pradesh,7839,520018484,0.0015074464160777794
93,AD,Madhya Pradesh,7830,520018484,0.0015057157083670125
593,JKNPP,Punjab,7826,520018484,0.0015049465049400052
414,DABAP,Andhra Pradesh,7746,520018484,0.0014895624363998568
296,BRPP,Uttar Pradesh,7722,520018484,0.0014849472158378124
885,RaCP,Uttar Pradesh,7650,520018484,0.0014711015541516788
940,SP,Haryana,7641,520018484,0.0014693708464409124
601,JMBP,Madhya Pradesh,7626,520018484,0.0014664863335896343
596,JKP(N),West Bengal,7608,520018484,0.001463024918168101
53,AAAP,Manipur,7604,520018484,0.0014622557147410935
778,RAHM,Bihar,7549,520018484,0.0014516791676197419
638,KVD,Bihar,7541,520018484,0.001450140760765727
904,SBSP,Bihar,7514,520018484,0.001444948637633427
19, ,Manipur,7504,520018484,0.0014430256290659084
857,RSMD,Madhya Pradesh,7430,520018484,0.0014287953656662712
357,CPI,Meghalaya,7418,520018484,0.0014264877553852489
298,BSCP,Haryana,7372,520018484,0.0014176419159746636
849,RPI(KH),Maharashtra,7354,520018484,0.0014141805005531303
259,BKPP,Uttar Pradesh,7342,520018484,0.0014118728902721082
248,BJP,Sikkim,7279,520018484,0.0013997579362967413
899,SAP,Jharkhand,7262,520018484,0.0013964888217319598
77,ABHM,Rajasthan,7256,520018484,0.0013953350165914486
391,CPIM,West Bengal,7253,520018484,0.0013947581140211932
749,PG,Maharashtra,7222,520018484,0.0013887967874618857
495,INC,Sikkim,7189,520018484,0.0013824508591890744
802,RJJM,Bihar,7147,520018484,0.0013743742232054967
1057,ssrd,Uttar Pradesh,7115,520018484,0.0013682205957894374
664,MBT,Telangana,7112,520018484,0.001367643693219182
838,RPI(A),Madhya Pradesh,7081,520018484,0.0013616823666598745
960,SP(I),Uttar Pradesh,7046,520018484,0.0013549518366735595
204,BCUF,Telangana,7036,520018484,0.001353028828106041
162,AMB,Tripura,7031,520018484,0.0013520673238222817
130,AIPF,Uttar Pradesh,7010,520018484,0.0013480290058304927
870,RSWD,Bihar,6994,520018484,0.001344952192122463
758,PMSP,Bihar,6901,520018484,0.0013270682124445407
651,LPSP,Uttar Pradesh,6874,520018484,0.0013218760893122408
672,MEDP,Rajasthan,6845,520018484,0.0013162993644664368
942,SP,Jammu & Kashmir,6843,520018484,0.0013159147627529331
78,ABHM,Tamil Nadu,6824,520018484,0.001312261046474648
964,SSAD,Uttar Pradesh,6788,520018484,0.0013053382156315812
965,SSD,Bihar,6777,520018484,0.0013032229062073107
255,BJPARTY,Bihar,6765,520018484,0.0013009152959262886
968,SSPD,Punjab,6681,520018484,0.001284762023959133
619,JSEP,Uttar Pradesh,6636,520018484,0.0012761084854052995
368,CPI(ML)(L),Andhra Pradesh,6627,520018484,0.0012743777776945328
411,CPM,Uttarakhand,6577,520018484,0.0012647627348569403
969,STR,Andhra Pradesh,6542,520018484,0.0012580322048706253
365,CPI,Uttarakhand,6525,520018484,0.0012547630903058439
47,AAAP,Jammu & Kashmir,6523,520018484,0.00125437848859234
963,SRP,Kerala,6512,520018484,0.0012522631791680697
21, ,Mizoram,6495,520018484,0.0012489940646032882
1006,UCPI,Tamil Nadu,6472,520018484,0.0012445711448979956
650,LPSP,Bihar,6430,520018484,0.0012364945089144176
208,BED,Uttar Pradesh,6408,520018484,0.0012322638900658768
467,ILP(AP),Andhra Pradesh,6390,520018484,0.0012288024746443438
2, ,Arunachal Pradesh,6321,520018484,0.0012155337155284659
561,JD(S),Tamil Nadu,6299,520018484,0.001211303096679925
785,RBC,Haryana,6265,520018484,0.001204764867550362
677,MNDP,Madhya Pradesh,6233,520018484,0.0011986112401343027
462,ICSP,Andhra Pradesh,6150,520018484,0.0011826502690238988
221,BJKD,Uttar Pradesh,6144,520018484,0.0011814964638833876
702,NCP,Arunachal Pradesh,6065,520018484,0.0011663046961999913
908,SDP,Jammu & Kashmir,6042,520018484,0.0011618817764946986
388,CPIM,Punjab,5879,520018484,0.0011305367368441464
644,LD,Rajasthan,5859,520018484,0.0011266907197091094
337,BaSaP,Uttar Pradesh,5845,520018484,0.0011239985077145835
386,CPIM,Madhya Pradesh,5842,520018484,0.001123421605144328
1045,lpi,Maharashtra,5804,520018484,0.0011161141725877575
74,ABHM,Jharkhand,5743,520018484,0.0011043838203258945
687,MaSP,Telangana,5724,520018484,0.0011007301040476094
410,CPM,Uttar Pradesh,5637,520018484,0.001083999929510198
126,AIMIM,Andhra Pradesh,5598,520018484,0.0010765001960968757
438,GaAP,Jammu & Kashmir,5566,520018484,0.0010703465686808164
911,SDPI,Madhya Pradesh,5557,520018484,0.0010686158609700496
813,RLD,Telangana,5551,520018484,0.0010674620558295386
423,DNP,Uttar Pradesh,5485,520018484,0.0010547701992839162
437,GaAP,Andhra Pradesh,5481,520018484,0.0010540009958569087
211,BGTD,Punjab,5471,520018484,0.0010520779872893904
332,BSP(K),Uttar Pradesh,5416,520018484,0.0010415014401680383
680,MOP,Uttar Pradesh,5406,520018484,0.0010395784316005198
188,AVIRP,Rajasthan,5382,520018484,0.0010349632110384754
427,EKSP,Uttar Pradesh,5341,520018484,0.0010270788759116493
988,SWJP,West Bengal,5340,520018484,0.0010268865750548974
415,DBSP,Punjab,5240,520018484,0.001007656489379712
767,PRCP,Rajasthan,5232,520018484,0.0010061180825256973
819,RND,Bihar,5215,520018484,0.0010028489679609158
123,AIMF,Uttar Pradesh,5195,520018484,0.0009990029508258789
275,BMUP,Karnataka,5192,520018484,0.0009984260482556232
464,ICSP,Telangana,5148,520018484,0.0009899648105585416
606,JMBP,Tripura,5147,520018484,0.0009897725097017898
466,IKL,Punjab,5084,520018484,0.000977657555726423
716,NIP,Telangana,5082,520018484,0.0009772729540129194
983,SUCI,Uttar Pradesh,5066,520018484,0.0009741961403048895
678,MNDP,Maharashtra,4992,520018484,0.0009599658769052525
216,BHSSP,Madhya Pradesh,4956,520018484,0.0009530430460621857
994,SaSaP,Uttar Pradesh,4947,520018484,0.0009513123383514191
167,ANC,Karnataka,4927,520018484,0.0009474663212163819
160,ALHP,Uttar Pradesh,4910,520018484,0.0009441972066516005
712,NCP,Telangana,4769,520018484,0.0009170827858495891
447,HJP,Karnataka,4728,520018484,0.0009091984507227632
168,ANC,Maharashtra,4728,520018484,0.0009091984507227632
954,SP(I),Jharkhand,4725,520018484,0.0009086215481525076
613,JND,Madhya Pradesh,4719,520018484,0.0009074677430119965
786,RBCP,Bihar,4717,520018484,0.0009070831412984928
918,SHS,Himachal Pradesh,4709,520018484,0.0009055447344444779
987,SWJP,Madhya Pradesh,4668,520018484,0.000897660399317652
219,BJJD,Bihar,4664,520018484,0.0008968911958906444
803,RJM,Jharkhand,4647,520018484,0.0008936220813258631
454,HND,Maharashtra,4640,520018484,0.0008922759753286
217,BIP,Bihar,4600,520018484,0.000884583941058526
1029,YuS,Gujarat,4578,520018484,0.0008803533222099852
654,LSP,Tamil Nadu,4541,520018484,0.0008732381905101666
776,RAC,Uttar Pradesh,4527,520018484,0.0008705459785156406
853,RPS,Andhra Pradesh,4521,520018484,0.0008693921733751295
81,ABJS,Jharkhand,4516,520018484,0.0008684306690913702
842,RPI(A),Tamil Nadu,4501,520018484,0.0008655461562400924
620,JSK,Uttar Pradesh,4489,520018484,0.0008632385459590702
358,CPI,NCT OF Delhi,4475,520018484,0.0008605463339645443
877,RVNP,Bihar,4450,520018484,0.0008557388125457479
676,MMM,Jharkhand,4409,520018484,0.0008478544774189219
649,LPR,Haryana,4396,520018484,0.0008453545662811478
152,AJKMP,Jammu & Kashmir,4392,520018484,0.0008445853628541404
91,ABSR,Punjab,4380,520018484,0.0008422777525731182
68,AAP,Rajasthan,4380,520018484,0.0008422777525731182
640,LB,Assam,4348,520018484,0.0008361241251570589
79,ABHM,Uttar Pradesh,4332,520018484,0.0008330473114490292
745,PECP,Maharashtra,4332,520018484,0.0008330473114490292
27, ,Sikkim,4332,520018484,0.0008330473114490292
883,RaAD,Uttar Pradesh,4327,520018484,0.0008320858071652699
1055,sps,Andhra Pradesh,4323,520018484,0.0008313166037382625
140,AITC,Kerala,4299,520018484,0.000826701383176218
215,BHPP,Karnataka,4291,520018484,0.0008251629763222033
693,NADP,Rajasthan,4281,520018484,0.0008232399677546847
622,JVBP,Karnataka,4270,520018484,0.0008211246583304143
974,SUCI,Haryana,4254,520018484,0.0008180478446223846
261,BKrD,Uttar Pradesh,4250,520018484,0.0008172786411953771
720,NLP,Jharkhand,4245,520018484,0.000816317136911618
663,MBT,Maharashtra,4235,520018484,0.0008143941283440994
886,RaIP,Uttar Pradesh,4219,520018484,0.0008113173146360698
890,RrSP,Uttar Pradesh,4215,520018484,0.0008105481112090623
137,AITC,Haryana,4198,520018484,0.0008072789966442809
666,MCPI,Andhra Pradesh,4195,520018484,0.0008067020940740252
442,GaAP,West Bengal,4189,520018484,0.0008055482889335142
338,BaVaP,Uttar Pradesh,4142,520018484,0.0007965101486661771
422,DND,Uttar Pradesh,4130,520018484,0.0007942025383851549
894,RtJP,Uttar Pradesh,4117,520018484,0.0007917026272473808
792,RDHP,Andhra Pradesh,4112,520018484,0.0007907411229636214
871,RTKP,Uttar Pradesh,4112,520018484,0.0007907411229636214
694,NADP,Uttar Pradesh,4097,520018484,0.0007878566101123436
761,PPI,Uttar Pradesh,4082,520018484,0.0007849720972610658
750,PGSP,Uttar Pradesh,4052,520018484,0.0007792030715585102
170,ANC,Uttar Pradesh,4026,520018484,0.0007742032492829621
991,SWSP,Bihar,4016,520018484,0.0007722802407154435
212,BHBP,Jammu & Kashmir,3984,520018484,0.0007661266132993842
1018,VJCP,Karnataka,3972,520018484,0.0007638190030183619
445,HJP,Andhra Pradesh,3896,520018484,0.000749204137905221
570,JD(U),Kerala,3865,520018484,0.0007432428113459136
196,BBC,Gujarat,3853,520018484,0.0007409352010648914
618,JRPa,Uttar Pradesh,3846,520018484,0.0007395890950676284
735,NSBP,West Bengal,3829,520018484,0.0007363199805028469
260,BKSL,Uttar Pradesh,3826,520018484,0.0007357430779325913
562,JD(U),Andhra Pradesh,3809,520018484,0.0007324739633678099
387,CPIM,Maharashtra,3795,520018484,0.0007297817513732839
439,GaAP,Karnataka,3784,520018484,0.0007276664419490135
1022,WPOI,Karnataka,3747,520018484,0.000720551310249195
191,AwVP,Maharashtra,3747,520018484,0.000720551310249195
35,AAAP,Andaman & Nicobar Islands,3737,520018484,0.0007186283016816764
453,HND,Gujarat,3722,520018484,0.0007157437888303986
652,LS,Rajasthan,3722,520018484,0.0007157437888303986
684,MVA,Maharashtra,3715,520018484,0.0007143976828331356
342,BhSMP,Haryana,3672,520018484,0.0007061287459928059
37,AAAP,Arunachal Pradesh,3647,520018484,0.0007013212245740095
671,MEDP,Punjab,3645,520018484,0.0007009366228605059
714,NDEP,Karnataka,3618,520018484,0.0006957444997282057
966,SSD,Uttar Pradesh,3618,520018484,0.0006957444997282057
902,SAP,Tamil Nadu,3581,520018484,0.0006886293680283872
612,JMM(U),Tamil Nadu,3512,520018484,0.0006753606089125093
502,IND,Andaman & Nicobar Islands,3511,520018484,0.0006751683080557575
536,IPGP,Rajasthan,3488,520018484,0.0006707453883504649
799,RJD,Andhra Pradesh,3473,520018484,0.0006678608754991871
266,BMSM,Madhya Pradesh,3441,520018484,0.0006617072480831277
607,JMBP,Uttar Pradesh,3441,520018484,0.0006617072480831277
580,JDP,Bihar,3440,520018484,0.0006615149472263759
201,BC,Uttar Pradesh,3435,520018484,0.0006605534429426166
272,BMUP,Haryana,3428,520018484,0.0006592073369453537
120,AIFB,Uttar Pradesh,3422,520018484,0.0006580535318048425
784,RAPa,Maharashtra,3408,520018484,0.0006553613198103166
257,BKLJP,Uttarakhand,3392,520018484,0.000652284506102287
291,BRAVP,NCT OF Delhi,3390,520018484,0.0006518999043887832
452,HKRD,West Bengal,3348,520018484,0.0006438232684052054
195,BBC,Bihar,3344,520018484,0.000643054064978198
339,BhJaSP,Punjab,3336,520018484,0.0006415156581241831
681,MOSP,Bihar,3291,520018484,0.0006328621195703497
182,ASP,Jammu & Kashmir,3286,520018484,0.0006319006152865905
441,GaAP,Uttar Pradesh,3284,520018484,0.0006315160135730867
869,RSSDP,Maharashtra,3283,520018484,0.0006313237127163349
736,NTP,Bihar,3251,520018484,0.0006251700853002756
848,RPI(KH),Madhya Pradesh,3250,520018484,0.0006249777844435237
290,BRABSVP,Uttar Pradesh,3238,520018484,0.0006226701741625015
97,ADPT,Gujarat,3216,520018484,0.0006184395553139608
929,SJP(R),Goa,3216,520018484,0.0006184395553139608
103,AGRJP,NCT OF Delhi,3191,520018484,0.0006136320338951644
698,NBDP,Punjab,3109,520018484,0.0005978633636415124
5, ,Chandigarh,3106,520018484,0.0005972864610712568
752,PHRC,Madhya Pradesh,3094,520018484,0.0005949788507902346
122,AIMF,Jharkhand,3094,520018484,0.0005949788507902346
1050,pms,Jharkhand,3076,520018484,0.0005915174353687012
739,NaLP,Bihar,3072,520018484,0.0005907482319416938
463,ICSP,Tamil Nadu,3062,520018484,0.0005888252233741752
429,ETMK,Tamil Nadu,3023,520018484,0.0005813254899608531
592,JKNPP,NCT OF Delhi,3014,520018484,0.0005795947822500863
428,ESKP,Uttar Pradesh,2988,520018484,0.0005745949599745382
1054,shsap,Uttar Pradesh,2982,520018484,0.0005734411548340271
718,NLP,Bihar,2977,520018484,0.0005724796505502678
6, ,Dadra & Nagar Haveli,2962,520018484,0.0005695951376989899
875,RVLP,Uttar Pradesh,2958,520018484,0.0005688259342719825
637,KS,Bihar,2946,520018484,0.0005665183239909603
575,JD(U),Punjab,2925,520018484,0.0005624800059991714
1030,aicp,Punjab,2920,520018484,0.0005615185017154122
715,NEP,Uttar Pradesh,2917,520018484,0.0005609415991451566
790,RBS,Maharashtra,2910,520018484,0.0005595954931478936
1038,grac,West Bengal,2906,520018484,0.0005588262897208862
980,SUCI,Tamil Nadu,2906,520018484,0.0005588262897208862
598,JM,Haryana,2901,520018484,0.0005578647854371268
653,LSP,Karnataka,2881,520018484,0.0005540187683020898
1014,VHS,Gujarat,2880,520018484,0.000553826467445338
545,IUML,Maharashtra,2865,520018484,0.0005509419545940602
865,RSPS,Karnataka,2862,520018484,0.0005503650520238047
590,JKNPP,Bihar,2811,520018484,0.0005405577083294601
791,RCMP,Karnataka,2803,520018484,0.0005390193014754453
508,IND,Dadra & Nagar Haveli,2786,520018484,0.0005357501869106637
1039,hkd,Haryana,2761,520018484,0.0005309426654918674
834,RPI(A),Gujarat,2754,520018484,0.0005295965594946044
174,APRSSP,Telangana,2743,520018484,0.000527481250070334
822,RP(K),Maharashtra,2736,520018484,0.0005261351440730711
588,JKM,Uttar Pradesh,2711,520018484,0.0005213276226542747
171,ANC,Uttarakhand,2706,520018484,0.0005203661183705154
23, ,Nagaland,2696,520018484,0.0005184431098029969
768,PRISM,Jammu & Kashmir,2694,520018484,0.0005180585080894932
343,BhSMP,Punjab,2689,520018484,0.0005170970038057339
978,SUCI,Madhya Pradesh,2682,520018484,0.000515750897808471
805,RJP(E),Haryana,2654,520018484,0.0005103664738194191
450,HKRD,Uttar Pradesh,2645,520018484,0.0005086357661086524
920,SHS,Madhya Pradesh,2625,520018484,0.0005047897489736153
435,GRIP,Andhra Pradesh,2594,520018484,0.0004988284224143078
289,BPC,NCT OF Delhi,2571,520018484,0.0004944055027090152
1000,TLP,Telangana,2567,520018484,0.0004936362992820078
166,ANC,Andhra Pradesh,2565,520018484,0.0004932516975685042
626,JaRaP,Uttar Pradesh,2543,520018484,0.0004890210787199633
60,AAAP,Sikkim,2541,520018484,0.0004886364770064597
690,NADP,Bihar,2536,520018484,0.0004876749727227004
287,BNNP,Rajasthan,2533,520018484,0.00048709807015244477
89,ABSC,Uttar Pradesh,2530,520018484,0.0004865211675821893
724,NMK,Tamil Nadu,2511,520018484,0.000482867451303904
673,MHD,Bihar,2482,520018484,0.0004772907264581003
264,BMF,Uttar Pradesh,2456,520018484,0.0004722909041825521
688,MaSPa,Uttar Pradesh,2425,520018484,0.0004663295776232446
881,RVP,Uttar Pradesh,2396,520018484,0.0004607528527774409
99,ADSMK,Tamil Nadu,2372,520018484,0.00045613763221539637
98,ADPT,Uttar Pradesh,2363,520018484,0.0004544069245046297
504,IND,Arunachal Pradesh,2362,520018484,0.00045421462364787785
1016,VIP,Haryana,2350,520018484,0.0004519070133668556
993,SaDa,Uttar Pradesh,2329,520018484,0.00044786869537506675
892,RsAD,Uttar Pradesh,2329,520018484,0.00044786869537506675
999,TECPI,Telangana,2311,520018484,0.00044440727995353335
132,AITC,Andaman & Nicobar Islands,2283,520018484,0.0004390228559644815
139,AITC,Karnataka,2276,520018484,0.0004376767499672185
741,PBI,Bihar,2271,520018484,0.0004367152456834592
546,IUML,Punjab,2261,520018484,0.0004347922371159407
92,ABVCP,Madhya Pradesh,2255,520018484,0.00043363843197542957
973,SUCI,Gujarat,2249,520018484,0.00043248462683491846
75,ABHM,Madhya Pradesh,2244,520018484,0.00043152312255115917
854,RRP,Uttar Pradesh,2225,520018484,0.00042786940627287395
579,JD(U),West Bengal,2205,520018484,0.00042402338913783685
548,IUML,Telangana,2197,520018484,0.0004224849822838221
696,NAJC,Haryana,2196,520018484,0.0004222926814270702
882,RWSP,Uttar Pradesh,2181,520018484,0.0004194081685757924
425,DaP,Maharashtra,2175,520018484,0.0004182543634352813
537,IPP,Uttar Pradesh,2155,520018484,0.0004144083463002442
841,RPI(A),Punjab,2151,520018484,0.00041363914287323683
710,NCP,Punjab,2149,520018484,0.00041325454115973307
294,BRPI,Uttar Pradesh,2138,520018484,0.00041113923173546267
186,ATBP,NCT OF Delhi,2135,520018484,0.00041056232916520714
811,RKSP,Karnataka,2129,520018484,0.000409408524024696
719,NLP,Haryana,2126,520018484,0.00040883162145444044
141,AITC,Madhya Pradesh,2114,520018484,0.0004065240111734182
660,MAHP,Madhya Pradesh,2101,520018484,0.0004040241000356441
783,RAKP,Haryana,2096,520018484,0.0004030625957518848
691,NADP,Madhya Pradesh,2078,520018484,0.0003996011803303515
323,BSP,Puducherry,2060,520018484,0.00039613976490881814
861,RSP,Telangana,2058,520018484,0.00039575516319531443
1010,UPP,Uttarakhand,2045,520018484,0.00039325525205754033
104,AGRJP,Uttar Pradesh,2037,520018484,0.0003917168452035255
181,ARWP,Uttar Pradesh,2029,520018484,0.00039017843834951064
824,RPC(S),Andhra Pradesh,2025,520018484,0.0003894092349225033
119,AIFB,Telangana,2015,520018484,0.0003874862263549847
670,MDPF,Manipur,2005,520018484,0.0003855632177874662
1036,bjyp,Madhya Pradesh,2000,520018484,0.0003846017135037069
340,BhNP,Uttar Pradesh,2000,520018484,0.0003846017135037069
935,SLP(L),Jharkhand,1997,520018484,0.00038402481093345137
648,LPI(V),Uttar Pradesh,1993,520018484,0.0003832556075064439
1042,kajp,NCT OF Delhi,1992,520018484,0.0003830633066496921
146,AITC,Sikkim,1972,520018484,0.00037921728951465503
371,CPI(ML)(L),Chandigarh,1968,520018484,0.0003784480860876476
748,PECP,Uttarakhand,1964,520018484,0.00037767888266064016
815,RLD,Uttarakhand,1958,520018484,0.00037652507752012905
461,IBSPK,Haryana,1952,520018484,0.00037537127237961793
1033,asdp,Karnataka,1949,520018484,0.0003747943698093624
200,BC,Madhya Pradesh,1936,520018484,0.0003722944586715883
552,IVD,Punjab,1930,520018484,0.0003711406535310772
915,SHS,Assam,1922,520018484,0.00036960224667706237
164,AMP,Uttar Pradesh,1920,520018484,0.00036921764496355866
879,RVNP,Maharashtra,1917,520018484,0.0003686407423933031
961,SPP,NCT OF Delhi,1866,520018484,0.00035883339869895853
1037,bns,Maharashtra,1862,520018484,0.0003580641952719512
816,RMGP,Uttar Pradesh,1835,520018484,0.0003528720721396511
850,RPI(KH),Telangana,1813,520018484,0.00034864145329111033
600,JMBP,Jammu & Kashmir,1809,520018484,0.00034787224986410287
695,NADP,Uttarakhand,1793,520018484,0.0003447954361560733
392,CPM,Andaman & Nicobar Islands,1777,520018484,0.0003417186224480436
604,JMBP,NCT OF Delhi,1766,520018484,0.0003396033130237732
189,Aa S P,NCT OF Delhi,1749,520018484,0.0003363341984589917
190,Aa S P,Uttar Pradesh,1733,520018484,0.00033325738475096204
1043,kajp,Uttar Pradesh,1730,520018484,0.0003326804821807065
734,NRSN,Maharashtra,1725,520018484,0.0003317189778969472
779,RAHM,Madhya Pradesh,1724,520018484,0.0003315266770401954
302,BSDL,Gujarat,1723,520018484,0.0003313343761834435
868,RSPS,Uttar Pradesh,1723,520018484,0.0003313343761834435
782,RAHM,West Bengal,1720,520018484,0.00033075747361318794
922,SHS,NCT OF Delhi,1708,520018484,0.0003284498633321657
682,MOSP,Uttar Pradesh,1695,520018484,0.0003259499521943916
73,ABHM,Haryana,1689,520018484,0.0003247961470538805
199,BBPSP,Madhya Pradesh,1679,520018484,0.00032287313848636197
827,RPI,Haryana,1665,520018484,0.000320180926491836
1034,bhp,Rajasthan,1635,520018484,0.0003144119007892804
1051,raup,Uttarakhand,1629,520018484,0.0003132580956487693
185,ASaP,Uttar Pradesh,1617,520018484,0.000310950485367747
826,RPI,Andhra Pradesh,1614,520018484,0.0003103735827974915
704,NCP,Dadra & Nagar Haveli,1611,520018484,0.0003097966802272359
293,BRMD,Madhya Pradesh,1607,520018484,0.0003090274768002285
105,AIACP,Telangana,1593,520018484,0.00030633526480570257
306,BSKP,Uttar Pradesh,1591,520018484,0.00030595066309219886
889,RaMSP,Uttar Pradesh,1572,520018484,0.00030229694681391364
893,RshJP,Uttar Pradesh,1571,520018484,0.00030210464595716176
154,AKAKRP,Jammu & Kashmir,1568,520018484,0.00030152774338690623
0, ,Andaman & Nicobar Islands,1564,520018484,0.0003007585399598988
273,BMUP,Himachal Pradesh,1538,520018484,0.0002957587176843506
878,RVNP,Haryana,1536,520018484,0.0002953741159708469
830,RPI,Punjab,1531,520018484,0.0002944126116870876
895,RtrJP,Uttar Pradesh,1526,520018484,0.0002934511074033284
884,RaBaP,Uttar Pradesh,1521,520018484,0.0002924896031195691
587,JJ,Tamil Nadu,1517,520018484,0.00029172039969256174
781,RAHM,Uttar Pradesh,1493,520018484,0.00028710517913051723
658,LoRP,Gujarat,1491,520018484,0.00028672057741701353
744,PECP,Madhya Pradesh,1484,520018484,0.00028537447141975054
717,NJC,Uttar Pradesh,1463,520018484,0.0002813361534279616
733,NPT,Andhra Pradesh,1455,520018484,0.0002797977465739468
540,IUML,Assam,1455,520018484,0.0002797977465739468
285,BNIP,Uttar Pradesh,1440,520018484,0.000276913233722669
876,RVMP,Uttar Pradesh,1434,520018484,0.00027575942858215787
872,RUC,Haryana,1429,520018484,0.0002747979242983986
657,LSWP,Madhya Pradesh,1429,520018484,0.0002747979242983986
304,BSKD,Uttar Pradesh,1423,520018484,0.00027364411915788747
341,BhNaP,Madhya Pradesh,1408,520018484,0.0002707596063066097
603,JMBP,Manipur,1403,520018484,0.0002697981020228504
76,ABHM,Maharashtra,1395,520018484,0.00026825969516883555
656,LSWP,Gujarat,1391,520018484,0.0002674904917418282
924,SHS,Telangana,1390,520018484,0.0002672981908850763
755,PLP,Punjab,1386,520018484,0.0002665289874580689
555,JAP,Uttar Pradesh,1376,520018484,0.00026460597889055033
634,KDC,Karnataka,1345,520018484,0.00025864465233124294
424,DPPS,Karnataka,1342,520018484,0.00025806774976098735
256,BJSP,Maharashtra,1337,520018484,0.00025710624547722806
627,JaRaPa,Uttar Pradesh,1318,520018484,0.00025345252919894284
840,RPI(A),NCT OF Delhi,1317,520018484,0.000253260228342191
7, ,Daman & Diu,1316,520018484,0.0002530679274854392
110,AIFB,Haryana,1314,520018484,0.00025268332577193544
788,RBHP,Haryana,1297,520018484,0.0002494142112071539
867,RSPS,Tamil Nadu,1276,520018484,0.00024537589321536505
417,DESEP,Maharashtra,1262,520018484,0.00024268368122083906
808,RKEP,Gujarat,1254,520018484,0.00024114527436682425
835,RPI(A),Haryana,1251,520018484,0.0002405683717965687
440,GaAP,Maharashtra,1201,520018484,0.000230953328958976
726,NOC,Tamil Nadu,1198,520018484,0.00023037642638872044
125,AIMF,West Bengal,1195,520018484,0.00022979952381846488
852,RPP(LB),Haryana,1195,520018484,0.00022979952381846488
692,NADP,NCT OF Delhi,1182,520018484,0.0002272996126806908
1032,aimpr,Punjab,1182,520018484,0.0002272996126806908
258,BKP,Uttar Pradesh,1174,520018484,0.00022576120582667596
117,AIFB,Punjab,1168,520018484,0.00022460740068616484
297,BRVP,Uttar Pradesh,1152,520018484,0.00022153058697813518
701,NCP,Andaman & Nicobar Islands,1151,520018484,0.00022133828612138333
307,BSP,Andaman & Nicobar Islands,1139,520018484,0.0002190306758403611
1035,bjdi,NCT OF Delhi,1118,520018484,0.00021499235784857218
1044,kajp,Uttarakhand,1117,520018484,0.0002148000569918203
794,RGD,Uttar Pradesh,1111,520018484,0.00021364625185130918
873,RUC,Rajasthan,1103,520018484,0.00021210784499729437
465,IJP,West Bengal,1103,520018484,0.00021210784499729437
301,BSD,Uttar Pradesh,1096,520018484,0.0002107617390000314
643,LD,Haryana,1092,520018484,0.00020999253557302396
1020,VoP,Gujarat,1089,520018484,0.0002094156330027684
573,JD(U),Manipur,1085,520018484,0.000208646429575761
787,RBCP,Haryana,1084,520018484,0.00020845412871900917
87,ABMP,Maharashtra,1077,520018484,0.00020710802272174615
1003,TRMRPPI,West Bengal,1071,520018484,0.00020595421758123504
159,ALHP,Madhya Pradesh,1067,520018484,0.00020518501415422766
460,IBSP,Uttar Pradesh,1059,520018484,0.0002036466073002128
859,RSOSP,Uttar Pradesh,1054,520018484,0.00020268510301645352
926,SHS,Uttarakhand,1043,520018484,0.00020056979359218315
155,AKBAP,Rajasthan,1040,520018484,0.0001999928910219276
817,RMGP,Uttarakhand,1037,520018484,0.00019941598845167204
292,BRAVP,Uttar Pradesh,1021,520018484,0.0001963391747436424
685,MaJP,Uttar Pradesh,997,520018484,0.0001917239541815979
837,RPI(A),Kerala,997,520018484,0.0001917239541815979
459,HiSP,Himachal Pradesh,997,520018484,0.0001917239541815979
847,RPI(KH),Gujarat,990,520018484,0.00019037784818433493
183,ASP,Maharashtra,987,520018484,0.00018980094561407937
311,BSP,Dadra & Nagar Haveli,982,520018484,0.00018883944133032008
639,LB,Arunachal Pradesh,980,520018484,0.0001884548396168164
820,RND,Uttar Pradesh,977,520018484,0.00018787793704656085
567,JD(U),Haryana,976,520018484,0.00018768563618980897
1046,mmsp,Telangana,959,520018484,0.00018441652162502745
85,ABML(S),Uttar Pradesh,956,520018484,0.0001838396190547719
970,SUCI,Andhra Pradesh,952,520018484,0.00018307041562776449
426,DaVP,Madhya Pradesh,950,520018484,0.00018268581391426078
1009,UPI,Tamil Nadu,944,520018484,0.00018153200877374967
630,JanSP,Punjab,944,520018484,0.00018153200877374967
986,SVRP,Maharashtra,944,520018484,0.00018153200877374967
107,AIFB,Andhra Pradesh,933,520018484,0.00017941669934947927
1049,pjdl,Telangana,928,520018484,0.00017845519506572
303,BSDS,Madhya Pradesh,924,520018484,0.0001776859916387126
818,RMOP,Haryana,923,520018484,0.00017749369078196074
948,SP,Punjab,922,520018484,0.0001773013899252089
751,PHRC,Haryana,916,520018484,0.00017614758478469775
169,ANC,NCT OF Delhi,911,520018484,0.00017518608050093852
851,RPIE,Gujarat,910,520018484,0.00017499377964418664
70,ABCD(A),Gujarat,895,520018484,0.00017210926679290885
456,HSCP,Maharashtra,888,520018484,0.0001707631607956459
557,JD(S),Andhra Pradesh,888,520018484,0.0001707631607956459
265,BMNSP,Uttarakhand,877,520018484,0.00016864785137137548
746,PECP,NCT OF Delhi,877,520018484,0.00016864785137137548
864,RSPS,Gujarat,876,520018484,0.00016845555051462363
554,JAP,Telangana,873,520018484,0.00016787864794436808
1031,aicp,Uttar Pradesh,858,520018484,0.00016499413509309026
193,BA S D,Punjab,837,520018484,0.00016095581710130134
416,DCP,Punjab,833,520018484,0.00016018661367429393
305,BSKP,NCT OF Delhi,818,520018484,0.00015730210082301612
880,RVNP,Uttar Pradesh,810,520018484,0.0001557636939690013
278,BMUP,NCT OF Delhi,805,520018484,0.00015480218968524204
111,AIFB,Jammu & Kashmir,803,520018484,0.00015441758797173834
203,BCP,Uttarakhand,802,520018484,0.00015422528711498648
772,PSS,Madhya Pradesh,796,520018484,0.00015307148197447537
727,NP,Uttar Pradesh,791,520018484,0.00015210997769071608
436,GSRP,Goa,783,520018484,0.00015057157083670126
723,NLP,Uttar Pradesh,773,520018484,0.00014864856226918274
995,SaVP,Madhya Pradesh,763,520018484,0.0001467255537016642
218,BIP,Haryana,762,520018484,0.00014653325284491234
956,SP(I),NCT OF Delhi,761,520018484,0.0001463409519881605
722,NLP,NCT OF Delhi,745,520018484,0.00014326413828013082
42,AAAP,Daman & Diu,729,520018484,0.00014018732457210116
451,HKRD,Uttarakhand,710,520018484,0.00013653360829381597
633,KCVP,Karnataka,707,520018484,0.0001359567057235604
780,RAHM,Rajasthan,699,520018484,0.00013441829886954557
740,PAP,Gujarat,698,520018484,0.00013422599801279371
72,ABHKP,Haryana,685,520018484,0.0001317260868750196
88,ABRS,Uttar Pradesh,683,520018484,0.0001313414851615159
934,SLAP,Kerala,682,520018484,0.00013114918430476405
213,BHBP,NCT OF Delhi,669,520018484,0.00012864927316698997
270,BMUP,Goa,666,520018484,0.00012807237059673441
855,RSD,Uttar Pradesh,665,520018484,0.00012788006973998254
283,BMUP,Uttarakhand,664,520018484,0.0001276877688832307
737,NYP,Gujarat,653,520018484,0.0001255724594589603
90,ABSP,NCT OF Delhi,651,520018484,0.0001251878577454566
534,IOP,Uttar Pradesh,649,520018484,0.0001248032560319529
82,ABJS,Maharashtra,641,520018484,0.00012326484917793808
551,IVD,Chandigarh,640,520018484,0.0001230725483211862
754,PHRC,Uttarakhand,637,520018484,0.00012249564575093065
41,AAAP,Dadra & Nagar Haveli,621,520018484,0.00011941883204290101
118,AIFB,Rajasthan,621,520018484,0.00011941883204290101
129,AIPF,Haryana,620,520018484,0.00011922653118614914
86,ABML(S),Uttarakhand,614,520018484,0.00011807272604563803
793,REP,NCT OF Delhi,601,520018484,0.00011557281490786394
959,SP(I),Telangana,598,520018484,0.00011499591233760838
202,BCBDP,Telangana,596,520018484,0.00011461131062410465
795,RJ,NCT OF Delhi,592,520018484,0.00011384210719709725
113,AIFB,Karnataka,586,520018484,0.00011268830205658613
71,ABCD(A),Rajasthan,566,520018484,0.00010884228492154905
443,HEP,Chandigarh,566,520018484,0.00010884228492154905
34,A S P,Uttar Pradesh,557,520018484,0.00010711157721078237
981,SUCI,Telangana,554,520018484,0.00010653467464052681
796,RJ,Uttar Pradesh,553,520018484,0.00010634237378377496
268,BMUP,Chandigarh,550,520018484,0.00010576547121351939
1056,sps,Telangana,547,520018484,0.00010518856864326383
1040,igp,Kerala,546,520018484,0.00010499626778651198
789,RBHP,NCT OF Delhi,545,520018484,0.00010480396692976014
131,AIRSP,Uttar Pradesh,543,520018484,0.00010441936521625642
1011,UPRP,Uttar Pradesh,542,520018484,0.00010422706435950459
434,GOA,Goa,530,520018484,0.00010191945407848233
455,HND,NCT OF Delhi,527,520018484,0.00010134255150822676
738,NYP,Uttar Pradesh,523,520018484,0.00010057334808121935
83,ABML(S),Jammu & Kashmir,521,520018484,0.00010018874636771565
979,SUCI,NCT OF Delhi,508,520018484,9.768883522994156e-05
295,BRPP,NCT OF Delhi,504,520018484,9.691963180293413e-05
214,BHNKP,Uttar Pradesh,502,520018484,9.653503008943044e-05
549,IUML,Uttar Pradesh,498,520018484,9.576582666242302e-05
206,BDBRAJP,Tamil Nadu,491,520018484,9.441972066516004e-05
312,BSP,Daman & Diu,490,520018484,9.42274198084082e-05
945,SP,Lakshadweep,488,520018484,9.384281809490448e-05
700,NBNP,Telangana,485,520018484,9.326591552464893e-05
187,AVIRP,Haryana,479,520018484,9.211211038413781e-05
1005,TTNC,Tamil Nadu,474,520018484,9.115060610037854e-05
402,CPM,Lakshadweep,465,520018484,8.941989838961185e-05
124,AIMF,Uttarakhand,454,520018484,8.730458896534148e-05
116,AIFB,NCT OF Delhi,451,520018484,8.672768639508591e-05
725,NNP,Uttar Pradesh,441,520018484,8.480467782756737e-05
375,CPI(ML)(L),Puducherry,438,520018484,8.422777525731182e-05
367,CPI(ML)(L),Andaman & Nicobar Islands,436,520018484,8.384317354380811e-05
564,JD(U),Chandigarh,434,520018484,8.345857183030441e-05
770,PSJP,Uttar Pradesh,433,520018484,8.326627097355254e-05
797,RJAP,NCT OF Delhi,415,520018484,7.980485555201919e-05
602,JMBP,Maharashtra,414,520018484,7.961255469526734e-05
553,IVP,Tamil Nadu,398,520018484,7.653574098723769e-05
930,SJP(R),NCT OF Delhi,395,520018484,7.595883841698212e-05
985,SVPP,Maharashtra,394,520018484,7.576653756023026e-05
936,SP,Andaman & Nicobar Islands,379,520018484,7.288202470895247e-05
917,SHS,Dadra & Nagar Haveli,378,520018484,7.268972385220061e-05
173,APM,Tamil Nadu,372,520018484,7.153591871168949e-05
901,SAP,Puducherry,366,520018484,7.038211357117836e-05
674,MKUP,Uttar Pradesh,360,520018484,6.922830843066725e-05
621,JSMP,NCT OF Delhi,357,520018484,6.865140586041169e-05
1012,VAJP,Uttar Pradesh,350,520018484,6.730529986314871e-05
269,BMUP,Dadra & Nagar Haveli,348,520018484,6.6920698149645e-05
762,PPIS,Maharashtra,331,520018484,6.365158358486349e-05
223,BJM,NCT OF Delhi,325,520018484,6.249777844435238e-05
574,JD(U),Puducherry,309,520018484,5.942096473632272e-05
721,NLP,Maharashtra,308,520018484,5.922866387957086e-05
69,ABAS,Uttar Pradesh,296,520018484,5.692105359854863e-05
828,RPI,Kerala,292,520018484,5.615185017154121e-05
210,BGTD,NCT OF Delhi,290,520018484,5.57672484580375e-05
577,JD(U),Tamil Nadu,274,520018484,5.269043475000785e-05
1019,VSP,NCT OF Delhi,263,520018484,5.057512532573746e-05
798,RJAVP,Haryana,259,520018484,4.9805921898730046e-05
831,RPI,Tamil Nadu,257,520018484,4.9421320185226334e-05
565,JD(U),Dadra & Nagar Haveli,232,520018484,4.461379876643e-05
106,AIFB,Andaman & Nicobar Islands,225,520018484,4.326769276916703e-05
887,RaJPa,NCT OF Delhi,217,520018484,4.1729285915152204e-05
753,PHRC,NCT OF Delhi,205,520018484,3.9421675634129956e-05
240,BJP,Lakshadweep,187,520018484,3.5960260212596595e-05
353,CPI,Lakshadweep,181,520018484,3.480645507208548e-05
334,BVLP,NCT OF Delhi,161,520018484,3.096043793704841e-05
16, ,Lakshadweep,123,520018484,2.3653005380477976e-05
