,state,party,votes,total_votes_statewise,split_votes_perc
0,Andaman & Nicobar Islands,AAAP,3737,190328,1.963452566096423
1,Andaman & Nicobar Islands,AIFB,225,190328,0.11821697280484217
2,Andaman & Nicobar Islands,AITC,2283,190328,1.1995082173931317
3,Andaman & Nicobar Islands,BJP,90969,190328,47.79591021814972
4,Andaman & Nicobar Islands,BSP,1139,190328,0.5984405867765121
5,Andaman & Nicobar Islands,CPI(ML)(L),436,190328,0.22907822285738302
6,Andaman & Nicobar Islands,CPM,1777,190328,0.9336513807742425
7,Andaman & Nicobar Islands,INC,83157,190328,43.6914169223656
8,Andaman & Nicobar Islands,IND,3511,190328,1.8447101845235594
9,Andaman & Nicobar Islands,NCP,1151,190328,0.6047454919927704
10,Andaman & Nicobar Islands,NOTA,1564,190328,0.8217393131856585
11,Andaman & Nicobar Islands,SP,379,190328,0.19912992308015637
12,Andhra Pradesh,AAAP,55639,28934993,0.19228966117254634
13,Andhra Pradesh,AIFB,933,28934993,0.003224469416667908
14,Andhra Pradesh,AIMIM,5598,28934993,0.019346816500007448
15,Andhra Pradesh,ANC,2565,28934993,0.008864698878620776
16,Andhra Pradesh,ARPS,12042,28934993,0.04161742841963017
17,Andhra Pradesh,BJP,2077079,28934993,7.178432702575736
18,Andhra Pradesh,BSP,171363,28934993,0.592234461573915
19,Andhra Pradesh,CPI(ML)(L),6627,28934993,0.02290306412031964
20,Andhra Pradesh,CPM,50066,28934993,0.1730292452464046
21,Andhra Pradesh,DABAP,7746,28934993,0.026770353806548356
22,Andhra Pradesh,GRIP,2594,28934993,0.008964923544304988
23,Andhra Pradesh,GaAP,5481,28934993,0.018942461814315973
24,Andhra Pradesh,HJP,3896,28934993,0.01346466543123062
25,Andhra Pradesh,ICSP,6150,28934993,0.021254541170962093
26,Andhra Pradesh,ILP(AP),6390,28934993,0.02208398668007281
27,Andhra Pradesh,INC,822614,28934993,2.8429728667983434
28,Andhra Pradesh,IND,266507,28934993,0.9210543095690398
29,Andhra Pradesh,JD(S),888,28934993,0.003068948383709649
30,Andhra Pradesh,JD(U),3809,28934993,0.013163991434177985
31,Andhra Pradesh,JaSPa,189130,28934993,0.6536376214087903
32,Andhra Pradesh,MCPI,4195,28934993,0.014498016294664387
33,Andhra Pradesh,MaSP,16298,28934993,0.05632626211452686
34,Andhra Pradesh,NOTA,185562,28934993,0.6413065315066777
35,Andhra Pradesh,NPT,1455,28934993,0.005028513398983715
36,Andhra Pradesh,PPOI,72410,28934993,0.25025062214461224
37,Andhra Pradesh,RDHP,4112,28934993,0.014211166389430265
38,Andhra Pradesh,RJD,3473,28934993,0.012002767721422983
39,Andhra Pradesh,RP(K),11778,28934993,0.040705038359608384
40,Andhra Pradesh,RPC(S),2025,28934993,0.006998446483121665
41,Andhra Pradesh,RPI,1614,28934993,0.005578021048769565
42,Andhra Pradesh,RPI(KH),9703,28934993,0.03353379072875532
43,Andhra Pradesh,RPS,4521,28934993,0.015624679777873109
44,Andhra Pradesh,SDP,11393,28934993,0.039374469522076606
45,Andhra Pradesh,STR,6542,28934993,0.022609302169176265
46,Andhra Pradesh,SUCI,952,28934993,0.0032901338528058396
47,Andhra Pradesh,TDP,11729219,28934993,40.53645010385868
48,Andhra Pradesh,WPOI,9529,28934993,0.03293244273465005
49,Andhra Pradesh,YSRCP,13131029,28934993,45.38113764188573
50,Andhra Pradesh,pjdl,27743,28934993,0.09588044483024412
51,Andhra Pradesh,sps,4323,28934993,0.01494038723285677
52,Arunachal Pradesh,AAAP,3647,596956,0.6109327990672679
53,Arunachal Pradesh,AITC,9135,596956,1.530263537011103
54,Arunachal Pradesh,BJP,275344,596956,46.124672505176264
55,Arunachal Pradesh,INC,246084,596956,41.22313872379204
56,Arunachal Pradesh,IND,2362,596956,0.39567405302903397
57,Arunachal Pradesh,LB,980,596956,0.16416620320425626
58,Arunachal Pradesh,NCP,6065,596956,1.0159877779936881
59,Arunachal Pradesh,NOTA,6321,596956,1.0588720106674527
60,Arunachal Pradesh,PPA,47018,596956,7.876292390058899
61,Assam,AAAP,28613,15085883,0.1896673863903094
62,Assam,AGP,577730,15085883,3.8296067919922216
63,Assam,AIFB,20579,15085883,0.13641230016168096
64,Assam,AITC,106661,15085883,0.7070252367726835
65,Assam,AIUDF,2237612,15085883,14.832489420738582
66,Assam,BJP,5507152,15085883,36.505334159094296
67,Assam,BOPF,330106,15085883,2.1881781795603215
68,Assam,CPI,28930,15085883,0.19176868864752564
69,Assam,CPI(ML)(L),42015,15085883,0.2785054080029654
70,Assam,CPM,64945,15085883,0.4305018141795213
71,Assam,INC,4467295,15085883,29.61241977019177
72,Assam,IND,1436900,15085883,9.52479878042273
73,Assam,IUML,1455,15085883,0.009644778499210156
74,Assam,JMM,9263,15085883,0.061401775421432075
75,Assam,LB,4348,15085883,0.02882164736396272
76,Assam,NOTA,147057,15085883,0.9747987572222321
77,Assam,SHS,1922,15085883,0.012740387818200631
78,Assam,SP,24650,15085883,0.1633977938182339
79,Assam,SUCI,37850,15085883,0.2508968152543673
80,Assam,rdsc,10800,15085883,0.07159010844774549
81,Bihar,AAAP,338637,35885332,0.9436641132371298
82,Bihar,ABJS,15745,35885332,0.043875865492898326
83,Bihar,AIFB,12179,35885332,0.0339386577223251
84,Bihar,AITC,46850,35885332,0.13055473473117093
85,Bihar,AKBMP,11221,35885332,0.03126904329601855
86,Bihar,APCP,15370,35885332,0.04283087028427102
87,Bihar,BBC,3344,35885332,0.009318570607065861
88,Bihar,BBMP,10160,35885332,0.028312403519075706
89,Bihar,BED,83906,35885332,0.23381698126688644
90,Bihar,BEMP,8729,35885332,0.02432470180295392
91,Bihar,BIP,4600,35885332,0.012818607892494907
92,Bihar,BJJD,4664,35885332,0.012996953741433967
93,Bihar,BJKD,8541,35885332,0.023800810871695433
94,Bihar,BJKVP,21524,35885332,0.05997993832131747
95,Bihar,BJP,10543025,35885332,29.37976162516763
96,Bihar,BJPARTY,6765,35885332,0.018851713563636532
97,Bihar,BLSP,1078473,35885332,3.0053309803571
98,Bihar,BMF,13726,35885332,0.03824961128964893
99,Bihar,BMUP,144964,35885332,0.40396449446252863
100,Bihar,BSP,765758,35885332,2.1339025092480686
101,Bihar,BVM,45667,35885332,0.12725812317968802
102,Bihar,CPI,413347,35885332,1.1518550253345852
103,Bihar,CPI(ML)(L),463045,35885332,1.2903461503435443
104,Bihar,CPM,106297,35885332,0.29621294851055024
105,Bihar,GGP,9580,35885332,0.026696144263065474
106,Bihar,HVD,7921,35885332,0.022073085460098292
107,Bihar,INC,3021065,35885332,8.418662533204374
108,Bihar,IND,1533264,35885332,4.272676089495285
109,Bihar,IUML,10538,35885332,0.029365758689372027
110,Bihar,JD(U),5662444,35885332,15.77927159765444
111,Bihar,JDP,3440,35885332,0.009586089380474451
112,Bihar,JDR,53864,35885332,0.15010032511333601
113,Bihar,JHP,14754,35885332,0.04111429148823258
114,Bihar,JKNPP,2811,35885332,0.007833284083870256
115,Bihar,JMBP,14741,35885332,0.04107806498766683
116,Bihar,JMM,189265,35885332,0.5274160484289235
117,Bihar,JPJD,27619,35885332,0.07696459377887321
118,Bihar,JPS,33910,35885332,0.09449543339880484
119,Bihar,KS,2946,35885332,0.008209482358976086
120,Bihar,KVD,7541,35885332,0.02101415698202263
121,Bihar,LD,13013,35885332,0.03626272706631222
122,Bihar,LJP,2295929,35885332,6.397959478262595
123,Bihar,LKJP,10026,35885332,0.027938991897859547
124,Bihar,LPSP,6430,35885332,0.017918184510596142
125,Bihar,MHD,2482,35885332,0.006916474954167904
126,Bihar,MOSP,3291,35885332,0.009170877950913203
127,Bihar,NADP,2536,35885332,0.007066954264210236
128,Bihar,NCP,431292,35885332,1.2018615293847636
129,Bihar,NLP,2977,35885332,0.008295868629555942
130,Bihar,NOTA,580964,35885332,1.618945590359872
131,Bihar,NTP,3251,35885332,0.00905941179532629
132,Bihar,NaLP,3072,35885332,0.00856060074907486
133,Bihar,PBI,2271,35885332,0.006328490983446941
134,Bihar,PECP,9585,35885332,0.026710077532513844
135,Bihar,PMSP,6901,35885332,0.019230698492632033
136,Bihar,PSS,14572,35885332,0.04060712048031212
137,Bihar,RAHM,7549,35885332,0.02103645021314001
138,Bihar,RBCP,4717,35885332,0.013144646397586623
139,Bihar,RJD,7224893,35885332,20.133276180919825
140,Bihar,RJJM,7147,35885332,0.01991621534949154
141,Bihar,RKSP,25921,35885332,0.0722328554742088
142,Bihar,RND,5215,35885332,0.014532400034643681
143,Bihar,RPI(A),15865,35885332,0.04421026395965906
144,Bihar,RSMD,11075,35885332,0.03086219182812632
145,Bihar,RSWD,6994,35885332,0.0194898573043716
146,Bihar,RVNP,4450,35885332,0.012400609809043985
147,Bihar,SBSP,7514,35885332,0.020938917327001462
148,Bihar,SHS,147906,35885332,0.41216283020594596
149,Bihar,SJP(R),56145,35885332,0.15645668263567966
150,Bihar,SKLP,19253,35885332,0.05365144733787053
151,Bihar,SP,98331,35885332,0.27401446362541665
152,Bihar,SSD,6777,35885332,0.018885153410312605
153,Bihar,SUCI,16143,35885332,0.044984953740988105
154,Bihar,SWSP,4016,35885332,0.011191202020925987
155,Bihar,SaBP,16078,35885332,0.04480382123815937
156,Bihar,VIP,9519,35885332,0.026526158375795438
157,Bihar,ravp,38992,35885332,0.10865720846612203
158,Chandigarh,AAAP,108679,453455,23.966876536811814
159,Chandigarh,BJP,191362,453455,42.200879910906266
160,Chandigarh,BMUP,550,453455,0.12129097705395245
161,Chandigarh,BSP,15934,453455,3.513909869777596
162,Chandigarh,CPI(ML)(L),1968,453455,0.4340011688039607
163,Chandigarh,HEP,566,453455,0.1248194418409765
164,Chandigarh,INC,121720,453455,26.842795867285616
165,Chandigarh,IND,8496,453455,1.8736148019097816
166,Chandigarh,IVD,640,453455,0.14113859148096283
167,Chandigarh,JD(U),434,453455,0.09570960734802791
168,Chandigarh,NOTA,3106,453455,0.6849632267810477
169,Dadra & Nagar Haveli,AAAP,621,165286,0.37571240153431024
170,Dadra & Nagar Haveli,BJP,80790,165286,48.87891291458442
171,Dadra & Nagar Haveli,BMUP,348,165286,0.21054414771971008
172,Dadra & Nagar Haveli,BSP,982,165286,0.5941217041975727
173,Dadra & Nagar Haveli,INC,74576,165286,45.11936885156638
174,Dadra & Nagar Haveli,IND,2786,165286,1.6855632055951504
175,Dadra & Nagar Haveli,JD(U),232,165286,0.1403627651464734
176,Dadra & Nagar Haveli,NCP,1611,165286,0.9746742010817613
177,Dadra & Nagar Haveli,NOTA,2962,165286,1.792045303292475
178,Dadra & Nagar Haveli,SHS,378,165286,0.22869450528175406
179,Daman & Diu,AAAP,729,87233,0.8356929143787328
180,Daman & Diu,BJP,46960,87233,53.832838490020976
181,Daman & Diu,BSP,490,87233,0.5617140302408492
182,Daman & Diu,INC,37738,87233,43.261151169855445
183,Daman & Diu,NOTA,1316,87233,1.508603395503995
184,Goa,AAAP,27103,817000,3.3173806609547123
185,Goa,AITC,11941,817000,1.4615667074663403
186,Goa,BJP,436679,817000,53.44908200734394
187,Goa,BMUP,666,817000,0.08151774785801713
188,Goa,CPI,10077,817000,1.2334149326805386
189,Goa,GOA,530,817000,0.06487148102815178
190,Goa,GSRP,783,817000,0.09583843329253365
191,Goa,INC,298750,817000,36.56670746634027
192,Goa,IND,17152,817000,2.099388004895961
193,Goa,NOTA,10103,817000,1.2365973072215422
194,Goa,SJP(R),3216,817000,0.3936352509179926
195,Gujarat,AAAP,301558,25824003,1.1677430489765666
196,Gujarat,ABCD(A),895,25824003,0.003465767874949519
197,Gujarat,ADPT,3216,25824003,0.012453530151773914
198,Gujarat,ADSP,11362,25824003,0.04399782636332562
199,Gujarat,BBC,3853,25824003,0.014920227510816198
200,Gujarat,BJP,15249243,25824003,59.05065531474729
201,Gujarat,BMUP,46956,25824003,0.1818308338951169
202,Gujarat,BNJD,20209,25824003,0.07825665137972607
203,Gujarat,BSDL,1723,25824003,0.006672087205070415
204,Gujarat,BSP,243949,25824003,0.9446598964536985
205,Gujarat,CPI,13270,25824003,0.0513863013414303
206,Gujarat,CPI(ML)(L),9702,25824003,0.037569698237720925
207,Gujarat,CPM,28958,25824003,0.11213598449473537
208,Gujarat,HJP,13745,25824003,0.053225675353275013
209,Gujarat,HND,3722,25824003,0.014412947520181128
210,Gujarat,INC,8486083,25824003,32.861222173804734
211,Gujarat,IND,542006,25824003,2.0988457908713842
212,Gujarat,JD(U),101660,25824003,0.3936647621981766
213,Gujarat,LSWP,1391,25824003,0.005386461579949475
214,Gujarat,LoRP,1491,25824003,0.005773698214022047
215,Gujarat,NCP,240466,25824003,0.9311724444889508
216,Gujarat,NOTA,454885,25824003,1.7614813629010189
217,Gujarat,NYP,653,25824003,0.0025286552204938947
218,Gujarat,PAP,698,25824003,0.0027029117058265523
219,Gujarat,RKEP,1254,25824003,0.004855947391270052
220,Gujarat,RPI(A),2754,25824003,0.010664496902358631
221,Gujarat,RPI(KH),990,25824003,0.003833642677318462
222,Gujarat,RPIE,910,25824003,0.0035238533700604046
223,Gujarat,RSPS,876,25824003,0.0033921929144757304
224,Gujarat,SP,24729,25824003,0.09575974723980632
225,Gujarat,SUCI,2249,25824003,0.008708951900292142
226,Gujarat,VHS,2880,25824003,0.01115241506129007
227,Gujarat,VoP,1089,25824003,0.0042170069450503085
228,Gujarat,YuS,4578,25824003,0.017727693107842342
229,Haryana,AAAP,487941,11495151,4.24475502757641
230,Haryana,ABHKP,685,11495151,0.005959034378930733
231,Haryana,ABHM,1689,11495151,0.014693151921188334
232,Haryana,AIFB,1314,11495151,0.011430906823233554
233,Haryana,AIPF,620,11495151,0.005393578561951905
234,Haryana,AITC,4198,11495151,0.03651974645657113
235,Haryana,AVIRP,479,11495151,0.004166974405120907
236,Haryana,BIP,762,11495151,0.006628882039044115
237,Haryana,BJP,3993527,11495151,34.74097034480017
238,Haryana,BMUP,3428,11495151,0.029821269855437305
239,Haryana,BSCP,7372,11495151,0.0641313889656604
240,Haryana,BSP,527013,11495151,4.584654868822515
241,Haryana,BhSMP,3672,11495151,0.03194390399917322
242,Haryana,CPI,22068,11495151,0.19197659952444296
243,Haryana,CPM,21168,11495151,0.1841472112893515
244,Haryana,HJCBL,703698,11495151,6.12169426917489
245,Haryana,IBSPK,1952,11495151,0.016981073149887286
246,Haryana,INC,2634905,11495151,22.92188245287078
247,Haryana,IND,191278,11495151,1.6639885809242523
248,Haryana,INLD,2799899,11495151,24.357218100049316
249,Haryana,JD(U),976,11495151,0.008490536574943643
250,Haryana,JM,2901,11495151,0.025236728077778187
251,Haryana,LD,1092,11495151,0.009499657725244323
252,Haryana,LPR,4396,11495151,0.03824221186829124
253,Haryana,NAJC,2196,11495151,0.019103707293623196
254,Haryana,NLP,2126,11495151,0.018494754875338307
255,Haryana,NOTA,34220,11495151,0.2976907393387003
256,Haryana,PHRC,916,11495151,0.00796857735927088
257,Haryana,RAKP,2096,11495151,0.018233775267501924
258,Haryana,RBC,6265,11495151,0.05450124143649787
259,Haryana,RBCP,1084,11495151,0.00943006316315462
260,Haryana,RBHP,1297,11495151,0.011283018378792937
261,Haryana,RJAVP,259,11495151,0.0022531239476541024
262,Haryana,RJP(E),2654,11495151,0.023087995973258637
263,Haryana,RMOP,923,11495151,0.008029472601099368
264,Haryana,RPI,1665,11495151,0.014484368234919227
265,Haryana,RPI(A),1251,11495151,0.01088284964677715
266,Haryana,RPP(LB),1195,11495151,0.010395687712149236
267,Haryana,RUC,1429,11495151,0.01243132865327302
268,Haryana,RVNP,1536,11495151,0.013362155921222783
269,Haryana,SP,7641,11495151,0.06647150611592662
270,Haryana,SUCI,4254,11495151,0.037006908391199037
271,Haryana,VIP,2350,11495151,0.020443402613849963
272,Haryana,hkd,2761,11495151,0.024018823241208402
273,Himachal Pradesh,AAAP,63351,3098500,2.0445699532031627
274,Himachal Pradesh,BJP,1652995,3098500,53.348233015975474
275,Himachal Pradesh,BMUP,1538,3098500,0.049636921090850404
276,Himachal Pradesh,BSP,22928,3098500,0.739970953687268
277,Himachal Pradesh,CPM,25399,3098500,0.8197192189769242
278,Himachal Pradesh,HiSP,997,3098500,0.03217685977085687
279,Himachal Pradesh,INC,1260477,3098500,40.680232370501855
280,Himachal Pradesh,IND,28507,3098500,0.9200258189446506
281,Himachal Pradesh,NOTA,29155,3098500,0.940939164111667
282,Himachal Pradesh,SHS,4709,3098500,0.15197676294981444
283,Himachal Pradesh,SP,8444,3098500,0.27251896078747784
284,Jammu & Kashmir,AAAP,6523,3566863,0.1828777836434985
285,Jammu & Kashmir,ABML(S),521,3566863,0.014606672585966997
286,Jammu & Kashmir,AIFB,803,3566863,0.022512779436720726
287,Jammu & Kashmir,AJKMP,4392,3566863,0.12313340882450491
288,Jammu & Kashmir,AKAKRP,1568,3566863,0.043960196957382444
289,Jammu & Kashmir,ASP,3286,3566863,0.09212576989920834
290,Jammu & Kashmir,BHBP,3984,3566863,0.11169478614681866
291,Jammu & Kashmir,BJP,1154220,3566863,32.35952712509564
292,Jammu & Kashmir,BSP,54091,3566863,1.5164866158302128
293,Jammu & Kashmir,GaAP,5566,3566863,0.15604748486274914
294,Jammu & Kashmir,INC,815510,3566863,22.863507793823313
295,Jammu & Kashmir,IND,223498,3566863,6.265954145140983
296,Jammu & Kashmir,JKN,396713,3566863,11.122182152776825
297,Jammu & Kashmir,JKNPP,43452,3566863,1.2182133151735852
298,Jammu & Kashmir,JKPDP,732644,3566863,20.54028988497736
299,Jammu & Kashmir,JMBP,1809,3566863,0.05071683437238829
300,Jammu & Kashmir,JPC,71154,3566863,1.9948621519806058
301,Jammu & Kashmir,NOTA,31550,3566863,0.8845307487279439
302,Jammu & Kashmir,PRISM,2694,3566863,0.07552855268060478
303,Jammu & Kashmir,SDP,6042,3566863,0.1693925446533831
304,Jammu & Kashmir,SP,6843,3566863,0.19184925241031126
305,Jharkhand,AAAP,89302,12982940,0.6878411207322841
306,Jharkhand,ABHM,5743,12982940,0.04423497297222355
307,Jharkhand,ABJS,4516,12982940,0.034784108992262155
308,Jharkhand,AIFB,33873,12982940,0.2609039246888609
309,Jharkhand,AIMF,3094,12982940,0.023831273964140632
310,Jharkhand,AITC,306332,12982940,2.359496385256344
311,Jharkhand,AJSUP,481667,12982940,3.7099994300212433
312,Jharkhand,AKBJHP,8252,12982940,0.0635603337918838
313,Jharkhand,AMB,16045,12982940,0.12358525880886764
314,Jharkhand,BJP,5207439,12982940,40.109859554153374
315,Jharkhand,BMUP,39752,12982940,0.3061864261869808
316,Jharkhand,BSP,140141,12982940,1.0794242290267073
317,Jharkhand,CPI,78029,12982940,0.6010117893173658
318,Jharkhand,CPI(ML)(L),319222,12982940,2.4587805227475443
319,Jharkhand,CPIM,14898,12982940,0.11475058807943346
320,Jharkhand,CPM,68212,12982940,0.5253971750620429
321,Jharkhand,INC,1724740,12982940,13.284664336429191
322,Jharkhand,IND,426224,12982940,3.282954400158978
323,Jharkhand,IUML,19543,12982940,0.15052830868817077
324,Jharkhand,JBSP,215607,12982940,1.6606947270803067
325,Jharkhand,JD(U),86092,12982940,0.6631163665548789
326,Jharkhand,JDP,41387,12982940,0.31877987574463107
327,Jharkhand,JKP,203869,12982940,1.5702837723966991
328,Jharkhand,JKP(N),9062,12982940,0.06979929045347201
329,Jharkhand,JMM,1205031,12982940,9.281649610950986
330,Jharkhand,JVD,10870,12982940,0.08372525791538742
331,Jharkhand,JVM,1567655,12982940,12.074730376940817
332,Jharkhand,MCO,110185,12982940,0.8486906663667859
333,Jharkhand,MMM,4409,12982940,0.03395995051968198
334,Jharkhand,NLP,4245,12982940,0.03269675435610116
335,Jharkhand,NOTA,190927,12982940,1.4705991092926565
336,Jharkhand,RADP,38322,12982940,0.2951719718338065
337,Jharkhand,RJD,212571,12982940,1.6373101932227987
338,Jharkhand,RJM,4647,12982940,0.035793125440000496
339,Jharkhand,RKSP,8686,12982940,0.06690318217599403
340,Jharkhand,SAP,7262,12982940,0.05593494231660933
341,Jharkhand,SLP(L),1997,12982940,0.015381724016285986
342,Jharkhand,SP,57401,12982940,0.4421263596689194
343,Jharkhand,SP(I),4725,12982940,0.03639391385926454
344,Jharkhand,SUCI,7890,12982940,0.0607720593332481
345,Jharkhand,pms,3076,12982940,0.02369263048277201
346,Karnataka,AAAP,254501,31038861,0.8199431029379589
347,Karnataka,AIFB,586,31038861,0.0018879558757004648
348,Karnataka,AITC,2276,31038861,0.007332743298795662
349,Karnataka,ANC,4927,31038861,0.01587364948733138
350,Karnataka,BDBRAJP,8990,31038861,0.02896369167670167
351,Karnataka,BHPP,4291,31038861,0.013824605226332243
352,Karnataka,BJP,13350285,31038861,43.01151707854228
353,Karnataka,BMUP,5192,31038861,0.016727417929414356
354,Karnataka,BSP,265006,31038861,0.8537877726892105
355,Karnataka,CPI,28203,31038861,0.09086351461157031
356,Karnataka,CPI(ML)(L),7885,31038861,0.025403638361600964
357,Karnataka,CPIM,16031,31038861,0.05164815809446101
358,Karnataka,CPM,35465,31038861,0.11425999169234978
359,Karnataka,DPPS,1342,31038861,0.0043236122614164225
360,Karnataka,GaAP,3784,31038861,0.012191168999403684
361,Karnataka,HJP,4728,31038861,0.015232517713842656
362,Karnataka,INC,12666530,31038861,40.80861730074438
363,Karnataka,IND,483513,31038861,1.5577665688183595
364,Karnataka,JD(S),3406465,31038861,10.974838928528982
365,Karnataka,JD(U),11867,31038861,0.0382327173667874
366,Karnataka,JVBP,4270,31038861,0.013756948104506799
367,Karnataka,KAP,33172,31038861,0.10687247834255259
368,Karnataka,KCVP,707,31038861,0.002277789768123257
369,Karnataka,KDC,1345,31038861,0.004333277564534343
370,Karnataka,LSP,2881,31038861,0.009281912760909622
371,Karnataka,NCP,42738,31038861,0.13769190821789498
372,Karnataka,NDEP,3618,31038861,0.011656355560212085
373,Karnataka,NOTA,257881,31038861,0.8308326777841494
374,Karnataka,PPOI,9606,31038861,0.030948300583581338
375,Karnataka,RCMP,2803,31038861,0.00903061487984369
376,Karnataka,RKSP,2129,31038861,0.006859143446017558
377,Karnataka,RPI(A),18886,31038861,0.060846304895015316
378,Karnataka,RSPS,2862,31038861,0.009220699174496126
379,Karnataka,SDPI,27254,31038861,0.08780605705860146
380,Karnataka,SJPA,15474,31038861,0.04985363348223377
381,Karnataka,SP,17582,31038861,0.056645119806425885
382,Karnataka,SUCI,24118,31038861,0.0777025935326686
383,Karnataka,VJCP,3972,31038861,0.0127968613281267
384,Karnataka,WPOI,3747,31038861,0.012071963594282665
385,Karnataka,asdp,1949,31038861,0.00627922525894233
386,Kerala,AAAP,256662,17975895,1.427812078341579
387,Kerala,AITC,4299,17975895,0.02391535998624825
388,Kerala,BJP,1856796,17975895,10.329366076070205
389,Kerala,BSP,71316,17975895,0.3967312893182787
390,Kerala,CPI,1364010,17975895,7.58799492320132
391,Kerala,CPIM,11070,17975895,0.06158246918999027
392,Kerala,CPM,3880655,17975895,21.588104514406652
393,Kerala,INC,5590285,17975895,31.098785345597534
394,Kerala,IND,2043666,17975895,11.368924885242153
395,Kerala,IUML,816226,17975895,4.540669602264588
396,Kerala,JD(S),303595,17975895,1.6889006082868196
397,Kerala,JD(U),3865,17975895,0.021501015665701204
398,Kerala,KEC(M),424194,17975895,2.359793490115513
399,Kerala,NOTA,210563,17975895,1.1713630948556386
400,Kerala,RPI,292,17975895,0.0016243975612897162
401,Kerala,RPI(A),997,17975895,0.0055463163308419414
402,Kerala,RSP,408528,17975895,2.2726434483512503
403,Kerala,RSPK(B),43051,17975895,0.23949294318864234
404,Kerala,SDPI,273849,17975895,1.5234234512384501
405,Kerala,SHS,10181,17975895,0.05663695743661164
406,Kerala,SJD,307597,17975895,1.7111637556850436
407,Kerala,SLAP,682,17975895,0.003793969646573926
408,Kerala,SRP,6512,17975895,0.03622629081889942
409,Kerala,SUCI,18126,17975895,0.1008350349175938
410,Kerala,WPOI,68332,17975895,0.3801312813631811
411,Kerala,igp,546,17975895,0.0030374009193978938
412,Lakshadweep,BJP,187,43239,0.4324799370938273
413,Lakshadweep,CPI,181,43239,0.4186035754758436
414,Lakshadweep,CPM,465,43239,1.0754180253937418
415,Lakshadweep,INC,20130,43239,46.555193228335526
416,Lakshadweep,NCP,21665,43239,50.10522907560304
417,Lakshadweep,NOTA,123,43239,0.2844654131686672
418,Lakshadweep,SP,488,43239,1.128610744929346
419,Madhya Pradesh,AAAP,349488,29639807,1.179116989526956
420,Madhya Pradesh,ABHM,2244,29639807,0.007570899500121577
421,Madhya Pradesh,ABVCP,2255,29639807,0.007608011752573153
422,Madhya Pradesh,AD,7830,29639807,0.026417176063258444
423,Madhya Pradesh,AIFB,15135,29639807,0.05106308553223711
424,Madhya Pradesh,AITC,2114,29639807,0.007132300152966583
425,Madhya Pradesh,ALHP,1067,29639807,0.0035998884878029064
426,Madhya Pradesh,AMS,8544,29639807,0.028826098631478943
427,Madhya Pradesh,APoI,19063,29639807,0.06431553349858182
428,Madhya Pradesh,BA S D,39629,29639807,0.13370195021850176
429,Madhya Pradesh,BBPSP,1679,29639807,0.005664679260563336
430,Madhya Pradesh,BC,1936,29639807,0.006531756431477438
431,Madhya Pradesh,BHSSP,4956,29639807,0.01672075665000113
432,Madhya Pradesh,BJP,16015695,29639807,54.03441054794993
433,Madhya Pradesh,BMSM,3441,29639807,0.011609387335079477
434,Madhya Pradesh,BMUP,36117,29639807,0.12185302016305302
435,Madhya Pradesh,BRMD,1607,29639807,0.005421762699062109
436,Madhya Pradesh,BSCP,36913,29639807,0.12453859770409437
437,Madhya Pradesh,BSDS,924,29639807,0.0031174292059324136
438,Madhya Pradesh,BSP,1124772,29639807,3.7948020376785854
439,Madhya Pradesh,BhNaP,1408,29639807,0.004750368313801773
440,Madhya Pradesh,CPI,96683,29639807,0.32619308216143245
441,Madhya Pradesh,CPIM,5842,29639807,0.019709979892919005
442,Madhya Pradesh,CPM,16375,29639807,0.05524664853586935
443,Madhya Pradesh,CSM,11837,29639807,0.039936157479028116
444,Madhya Pradesh,DaVP,950,29639807,0.003205149075363412
445,Madhya Pradesh,GGP,169453,29639807,0.5717075013342698
446,Madhya Pradesh,INC,10340274,29639807,34.88644173695193
447,Madhya Pradesh,IND,548867,29639807,1.8517900605763056
448,Madhya Pradesh,IUML,9053,29639807,0.030543383767647342
449,Madhya Pradesh,JD(U),13116,29639807,0.044251300286806856
450,Madhya Pradesh,JMBP,7626,29639807,0.0257289124723383
451,Madhya Pradesh,JND,4719,29639807,0.015921156301726257
452,Madhya Pradesh,LSWP,1429,29639807,0.004821218977572965
453,Madhya Pradesh,MAHP,2101,29639807,0.007088440218251084
454,Madhya Pradesh,MNDP,6233,29639807,0.021029151775515946
455,Madhya Pradesh,NADP,2078,29639807,0.00701084187221597
456,Madhya Pradesh,NOTA,391837,29639807,1.321995787624393
457,Madhya Pradesh,NPEP,11813,29639807,0.039855185291861044
458,Madhya Pradesh,PECP,1484,29639807,0.005006780239830846
459,Madhya Pradesh,PHRC,3094,29639807,0.010438664462288841
460,Madhya Pradesh,PRSP,21284,29639807,0.07180883465266828
461,Madhya Pradesh,PSS,796,29639807,0.0026855775410413434
462,Madhya Pradesh,RAHM,1724,29639807,0.0058165021115016025
463,Madhya Pradesh,RPI(A),7081,29639807,0.023890169055419287
464,Madhya Pradesh,RPI(KH),3250,29639807,0.010964983678874832
465,Madhya Pradesh,RSMD,7430,29639807,0.025067639610473844
466,Madhya Pradesh,RsAD,10037,29639807,0.033863243441497444
467,Madhya Pradesh,SAP,10422,29639807,0.03516217227730262
468,Madhya Pradesh,SDPI,5557,29639807,0.018748435170309982
469,Madhya Pradesh,SHS,2625,29639807,0.008856332971398904
470,Madhya Pradesh,SP,221306,29639807,0.7466512855498688
471,Madhya Pradesh,SUCI,2682,29639807,0.009048641915920707
472,Madhya Pradesh,SWJP,4668,29639807,0.015749090403996222
473,Madhya Pradesh,SaVP,763,29639807,0.0025742407836866145
474,Madhya Pradesh,SamSP,16501,29639807,0.055671752518496494
475,Madhya Pradesh,bjyp,2000,29639807,0.006747682263922974
476,Maharashtra,AAAP,1088997,48717419,2.235333936717789
477,Maharashtra,ABHM,1395,48717419,0.0028634521873993363
478,Maharashtra,ABJS,641,48717419,0.0013157511484752507
479,Maharashtra,ABMP,1077,48717419,0.0022107082479061544
480,Maharashtra,AIFB,12076,48717419,0.024787848469558706
481,Maharashtra,AITC,13361,48717419,0.027425508728202534
482,Maharashtra,ANC,4728,48717419,0.009704947628691084
483,Maharashtra,APoI,37301,48717419,0.07656604304099116
484,Maharashtra,ARP,16461,48717419,0.03378873581131217
485,Maharashtra,ASP,987,48717419,0.002025969397106197
486,Maharashtra,AwVP,3747,48717419,0.007691294154971551
487,Maharashtra,BBM,360854,48717419,0.7407083696285306
488,Maharashtra,BJP,13308961,48717419,27.3186906720161
489,Maharashtra,BJSP,1337,48717419,0.002744398261328253
490,Maharashtra,BMUP,212129,48717419,0.43542741868160134
491,Maharashtra,BSP,1271680,48717419,2.6103189087254397
492,Maharashtra,BVA,293681,48717419,0.602825449353136
493,Maharashtra,CPI,55533,48717419,0.11399002890526692
494,Maharashtra,CPIM,3795,48717419,0.007789821542064862
495,Maharashtra,CPM,181629,48717419,0.37282147479939365
496,Maharashtra,DESEP,1262,48717419,0.0025904492189949553
497,Maharashtra,DaP,2175,48717419,0.004464522227665632
498,Maharashtra,GGP,10919,48717419,0.022412927909830363
499,Maharashtra,GaAP,1201,48717419,0.00246523733123054
500,Maharashtra,HJP,8015,48717419,0.016452020990685077
501,Maharashtra,HND,4640,48717419,0.009524314085686682
502,Maharashtra,HSCP,888,48717419,0.0018227566612262444
503,Maharashtra,HiPPa,8853,48717419,0.018172144957022456
504,Maharashtra,INC,8830190,48717419,18.125323921614157
505,Maharashtra,IND,1577114,48717419,3.2372691993391522
506,Maharashtra,IUML,2865,48717419,0.005880853417131971
507,Maharashtra,JD(S),14234,48717419,0.02921747558096212
508,Maharashtra,JD(U),17995,48717419,0.036937506890502556
509,Maharashtra,JMBP,414,48717419,0.0008497987136798032
510,Maharashtra,LB,8071,48717419,0.016566969608960605
511,Maharashtra,MBT,4235,48717419,0.008692989257086874
512,Maharashtra,MNDP,4992,48717419,0.010246848257704293
513,Maharashtra,MNS,708010,48717419,1.4532994861653077
514,Maharashtra,MPS(T),13339,48717419,0.027380350342451436
515,Maharashtra,MVA,3715,48717419,0.0076256092302426776
516,Maharashtra,NCP,7782275,48717419,15.974317112324854
517,Maharashtra,NLP,308,48717419,0.0006322174005154091
518,Maharashtra,NOTA,433171,48717419,0.8891501415540917
519,Maharashtra,NRSN,1725,48717419,0.003540827973665846
520,Maharashtra,PECP,4332,48717419,0.008892096685171273
521,Maharashtra,PG,7222,48717419,0.014824266449747677
522,Maharashtra,PPIS,331,48717419,0.000679428440164287
523,Maharashtra,PRCP,14238,48717419,0.02922568619655323
524,Maharashtra,PWPI,497721,48717419,1.0216489506556166
525,Maharashtra,RAPa,3408,48717419,0.006995444483625046
526,Maharashtra,RBS,2910,48717419,0.00597322284253195
527,Maharashtra,RP(K),2736,48717419,0.005616061064318699
528,Maharashtra,RPI,73984,48717419,0.15186354597315593
529,Maharashtra,RPI(A),71808,48717419,0.14739697109159253
530,Maharashtra,RPI(KH),7354,48717419,0.01509521676425428
531,Maharashtra,RSPS,451843,48717419,0.9274772951333896
532,Maharashtra,RSSDP,3283,48717419,0.006738862746402883
533,Maharashtra,RVNP,1917,48717419,0.0039349375220390885
534,Maharashtra,SHS,10050652,48717419,20.630510003003238
535,Maharashtra,SP,73732,48717419,0.15134627719091603
536,Maharashtra,SP(I),8986,48717419,0.018445147925426838
537,Maharashtra,SVPP,394,48717419,0.0008087456357242571
538,Maharashtra,SVRP,944,48717419,0.0019377052795017731
539,Maharashtra,SWP,1105073,48717419,2.2683324007784567
540,Maharashtra,WPOI,15909,48717419,0.032655670859739104
541,Maharashtra,bns,1862,48717419,0.003822041557661337
542,Maharashtra,lpi,5804,48717419,0.011913603222699463
543,Manipur,AAAP,7604,1412636,0.538284455443582
544,Manipur,AITC,52655,1412636,3.72742872190713
545,Manipur,BJP,168272,1412636,11.911915029774125
546,Manipur,CPI,197428,1412636,13.975857899699568
547,Manipur,INC,588872,1412636,41.68603943266348
548,Manipur,IND,43013,1412636,3.0448749713301937
549,Manipur,JD(U),1085,1412636,0.0768067640920945
550,Manipur,JMBP,1403,1412636,0.099317870987289
551,Manipur,MDPF,2005,1412636,0.14193323687064466
552,Manipur,NCP,61662,1412636,4.365031048338
553,Manipur,NOTA,7504,1412636,0.5312054910111309
554,Manipur,NPF,281133,1412636,19.901305077882768
555,Meghalaya,AAAP,8815,1078058,0.817674002697443
556,Meghalaya,BJP,95979,1078058,8.902953273386032
557,Meghalaya,CPI,7418,1078058,0.6880891380612175
558,Meghalaya,INC,408925,1078058,37.9316326208794
559,Meghalaya,IND,180658,1078058,16.75772546560575
560,Meghalaya,NOTA,30145,1078058,2.796231742633513
561,Meghalaya,NPEP,239301,1078058,22.197414239308088
562,Meghalaya,UDP,106817,1078058,9.90827951742856
563,Mizoram,AAAP,11890,433201,2.7446843382171324
564,Mizoram,INC,210485,433201,48.588299657664685
565,Mizoram,IND,204331,433201,47.167711985891074
566,Mizoram,NOTA,6495,433201,1.499304018227105
567,NCT OF Delhi,AAAP,2722887,8271766,32.917843662405346
568,NCT OF Delhi,ABSP,651,8271766,0.007870145262813285
569,NCT OF Delhi,AGRJP,3191,8271766,0.038577010036309055
570,NCT OF Delhi,AIFB,451,8271766,0.005452281894821493
571,NCT OF Delhi,AITC,9921,8271766,0.11993811236923288
572,NCT OF Delhi,ANC,911,8271766,0.011013367641202617
573,NCT OF Delhi,ATBP,2135,8271766,0.02581069145331239
574,NCT OF Delhi,Aa S P,1749,8271766,0.021144215153088227
575,NCT OF Delhi,BGTD,290,8271766,0.0035059018835880995
576,NCT OF Delhi,BHBP,669,8271766,0.008087752965932546
577,NCT OF Delhi,BJM,325,8271766,0.003929027972986663
578,NCT OF Delhi,BJP,3838850,8271766,46.409073951076465
579,NCT OF Delhi,BMUP,805,8271766,0.009731900056166965
580,NCT OF Delhi,BPC,2571,8271766,0.031081633595534498
581,NCT OF Delhi,BRAVP,3390,8271766,0.040982784087460894
582,NCT OF Delhi,BRPP,504,8271766,0.006093015687339318
583,NCT OF Delhi,BSKP,818,8271766,0.009889061175086433
584,NCT OF Delhi,BSP,101609,8271766,1.2283833947913905
585,NCT OF Delhi,BVLP,161,8271766,0.001946380011233393
586,NCT OF Delhi,CPI,4475,8271766,0.05409969285881637
587,NCT OF Delhi,HND,527,8271766,0.006371069974658374
588,NCT OF Delhi,INC,1253078,8271766,15.148856967182098
589,NCT OF Delhi,IND,261664,8271766,3.163339001611022
590,NCT OF Delhi,JKNPP,3014,8271766,0.03643720095563632
591,NCT OF Delhi,JMBP,1766,8271766,0.021349733539367532
592,NCT OF Delhi,JSMP,357,8271766,0.004315886111865351
593,NCT OF Delhi,NADP,1182,8271766,0.014289572504831496
594,NCT OF Delhi,NLP,745,8271766,0.009006541045769428
595,NCT OF Delhi,NOTA,39690,8271766,0.4798249853779713
596,NCT OF Delhi,PECP,877,8271766,0.010602330868644011
597,NCT OF Delhi,PHRC,205,8271766,0.0024783099521915875
598,NCT OF Delhi,RBHP,545,8271766,0.0065886776777776355
599,NCT OF Delhi,REP,601,8271766,0.007265679420815337
600,NCT OF Delhi,RJ,592,8271766,0.007156875569255706
601,NCT OF Delhi,RJAP,415,8271766,0.00501706648858297
602,NCT OF Delhi,RPI(A),1317,8271766,0.015921630278225955
603,NCT OF Delhi,RaJPa,217,8271766,0.0026233817542710954
604,NCT OF Delhi,SHS,1708,8271766,0.02064855316264991
605,NCT OF Delhi,SJP(R),395,8271766,0.00477528015178379
606,NCT OF Delhi,SP(I),761,8271766,0.009199970115208771
607,NCT OF Delhi,SPP,1866,8271766,0.022558665223363427
608,NCT OF Delhi,SUCI,508,8271766,0.006141372954699153
609,NCT OF Delhi,VSP,263,8271766,0.0031794903289092077
610,NCT OF Delhi,bjdi,1118,8271766,0.013515856227074121
611,NCT OF Delhi,kajp,1992,8271766,0.024081919145198256
612,Nagaland,INC,313147,1038910,30.141879469828954
613,Nagaland,NOTA,2696,1038910,0.25950274807249907
614,Nagaland,NPF,713372,1038910,68.6654281891598
615,Nagaland,SP(I),9695,1038910,0.9331895929387533
616,Puducherry,AAAP,8307,740017,1.1225417794456074
617,Puducherry,ADMK,132657,740017,17.926209803288305
618,Puducherry,AINRC,255826,740017,34.57028689881449
619,Puducherry,BSP,2060,740017,0.27837198334632857
620,Puducherry,CPI,12709,740017,1.7173929788099462
621,Puducherry,CPI(ML)(L),438,740017,0.05918782946878247
622,Puducherry,DMK,60580,740017,8.186298422874069
623,Puducherry,INC,194972,740017,26.346962299514743
624,Puducherry,IND,26771,740017,3.617619595225515
625,Puducherry,JD(U),309,740017,0.04175579750194928
626,Puducherry,NOTA,22268,740017,3.009120060755361
627,Puducherry,PMK,22754,740017,3.0747942277001745
628,Puducherry,SAP,366,740017,0.04945832325473604
629,Punjab,AAAP,3373062,13845132,24.36280130806987
630,Punjab,ABSR,4380,13845132,0.0316356680456351
631,Punjab,AIFB,1168,13845132,0.008436178145502694
632,Punjab,BA S D,837,13845132,0.0060454461539261595
633,Punjab,BGTD,5471,13845132,0.03951569403599763
634,Punjab,BJP,1209004,13845132,8.732340002247721
635,Punjab,BMUP,11379,13845132,0.08218773212129722
636,Punjab,BSP,263227,13845132,1.9012241992347925
637,Punjab,BSP(A),11104,13845132,0.08020147442436808
638,Punjab,BhJaSP,3336,13845132,0.024095111552565912
639,Punjab,BhSMP,2689,13845132,0.01942198889833625
640,Punjab,CPI,54785,13845132,0.39569864700459334
641,Punjab,CPI(ML)(L),11605,13845132,0.0838200748104099
642,Punjab,CPIM,5879,13845132,0.042462578182714324
643,Punjab,CPM,17965,13845132,0.12975679827393483
644,Punjab,DBSP,5240,13845132,0.037847237570577154
645,Punjab,DCP,833,13845132,0.006016555132879917
646,Punjab,IKL,5084,13845132,0.03672048774977371
647,Punjab,INC,4575879,13845132,33.050454123514314
648,Punjab,IND,498039,13845132,3.597213807712343
649,Punjab,IUML,2261,13845132,0.016330649646388348
650,Punjab,IVD,1930,13845132,0.013939917654811815
651,Punjab,JD(U),2925,13845132,0.021126559140064536
652,Punjab,JKNPP,7826,13845132,0.05652528267697267
653,Punjab,JanSP,944,13845132,0.006818280966913136
654,Punjab,MEDP,3645,13845132,0.026326942928388112
655,Punjab,NBDP,3109,13845132,0.022455546108191674
656,Punjab,NCP,2149,13845132,0.01552170105709357
657,Punjab,NOTA,58754,13845132,0.4243657626377271
658,Punjab,PLP,1386,13845132,0.010010738792522888
659,Punjab,RPI,1531,13845132,0.011058038305449163
660,Punjab,RPI(A),2151,13845132,0.015536146567616689
661,Punjab,SAD,3636148,13845132,26.26300709881278
662,Punjab,SAD(M),35516,13845132,0.2565233758695836
663,Punjab,SHS,12186,13845132,0.08801649561737657
664,Punjab,SP,922,13845132,0.006659380351158804
665,Punjab,SSPD,6681,13845132,0.04825522790248587
666,Punjab,aicp,2920,13845132,0.021090445363756732
667,Punjab,aimpr,1182,13845132,0.008537296719164542
668,Rajasthan,AAAP,272641,27110642,1.005660434009641
669,Rajasthan,AAP,4380,27110642,0.016156017256987128
670,Rajasthan,ABCD(A),566,27110642,0.0020877410427978796
671,Rajasthan,ABHM,7256,27110642,0.02676439753805904
672,Rajasthan,AIFB,621,27110642,0.0022906134056139282
673,Rajasthan,AITC,31160,27110642,0.11493641500632851
674,Rajasthan,AKBAP,1040,27110642,0.0038361319514307332
675,Rajasthan,APoI,8558,27110642,0.03156693965417713
676,Rajasthan,AVIRP,5382,27110642,0.019851982848654044
677,Rajasthan,BA S D,19349,27110642,0.07137049723868583
678,Rajasthan,BJP,14895106,27110642,54.94191542937271
679,Rajasthan,BMUP,39487,27110642,0.14565129073667826
680,Rajasthan,BNNP,2533,27110642,0.009343194454782738
681,Rajasthan,BSP,633786,27110642,2.3377756970860375
682,Rajasthan,BYS,38633,27110642,0.14250123623040725
683,Rajasthan,BhSMP,9579,27110642,0.03533298842572596
684,Rajasthan,CPI,70933,27110642,0.2616426420296502
685,Rajasthan,CPI(ML)(L),9512,27110642,0.03508585300193186
686,Rajasthan,CPM,78856,27110642,0.29086732804040566
687,Rajasthan,HJP,16377,27110642,0.06040801246978954
688,Rajasthan,INC,8230164,27110642,30.35768758261055
689,Rajasthan,IND,1806700,27110642,6.664172689086448
690,Rajasthan,IPGP,3488,27110642,0.012865796390952308
691,Rajasthan,JD(U),21760,27110642,0.08026368390685841
692,Rajasthan,JGP,27624,27110642,0.10189356637146402
693,Rajasthan,JMBP,21641,27110642,0.0798247418854928
694,Rajasthan,LD,5859,27110642,0.02161143952253141
695,Rajasthan,LS,3722,27110642,0.01372892608002422
696,Rajasthan,MEDP,6845,27110642,0.025248387699560934
697,Rajasthan,NADP,4281,27110642,0.015790847003918237
698,Rajasthan,NCP,12149,27110642,0.04481266065185767
699,Rajasthan,NOTA,327911,27110642,1.2095287156976953
700,Rajasthan,NPEP,325334,27110642,1.2000232233526598
701,Rajasthan,PRCP,5232,27110642,0.01929869458642846
702,Rajasthan,RAHM,699,27110642,0.002578323301971233
703,Rajasthan,RJVP,8152,27110642,0.03006937275775321
704,Rajasthan,RUC,1103,27110642,0.00406851302156548
705,Rajasthan,SP,15891,27110642,0.058615358500178634
706,Rajasthan,SP(I),9707,27110642,0.03580512774282513
707,Rajasthan,bhp,1635,27110642,0.006030842058258893
708,Rajasthan,nuzp,124990,27110642,0.461036665970507
709,Sikkim,AAAP,2541,308967,0.8224179281282468
710,Sikkim,AITC,1972,308967,0.6382558655131454
711,Sikkim,BJP,7279,308967,2.3559150329970513
712,Sikkim,INC,7189,308967,2.3267857085060863
713,Sikkim,NOTA,4332,308967,1.4020914854984512
714,Sikkim,SDF,163698,308967,52.9823573391333
715,Sikkim,SKM,121956,308967,39.47217664022371
716,Tamil Nadu,AAAP,203026,40607149,0.4999760017626453
717,Tamil Nadu,ABHM,6824,40607149,0.01680492269969507
718,Tamil Nadu,ADMK,17978922,40607149,44.27526295923903
719,Tamil Nadu,ADSMK,2372,40607149,0.005841335967713469
720,Tamil Nadu,APM,372,40607149,0.0009160948482248778
721,Tamil Nadu,BDBRAJP,491,40607149,0.001209146694834449
722,Tamil Nadu,BJP,2223566,40607149,5.475799347548384
723,Tamil Nadu,BSP,155951,40607149,0.3840481389126826
724,Tamil Nadu,CPI,219866,40607149,0.5414465319887392
725,Tamil Nadu,CPI(ML)(L),13081,40607149,0.03221353954201513
726,Tamil Nadu,CPIM,10543,40607149,0.025963408561384106
727,Tamil Nadu,CPM,220632,40607149,0.5433328993375034
728,Tamil Nadu,DFBL,17465,40607149,0.04300966807593412
729,Tamil Nadu,DMDK,2078843,40607149,5.11940151228051
730,Tamil Nadu,DMK,9570666,40607149,23.568918862045695
731,Tamil Nadu,ETMK,3023,40607149,0.007444501952107004
732,Tamil Nadu,ICSP,3062,40607149,0.007540544153937032
733,Tamil Nadu,INC,1750990,40607149,4.312023973906664
734,Tamil Nadu,IND,866317,40607149,2.1334100554559985
735,Tamil Nadu,IUML,205896,40607149,0.5070437227691114
736,Tamil Nadu,IVP,398,40607149,0.0009801229827782296
737,Tamil Nadu,JD(S),6299,40607149,0.015512046905829314
738,Tamil Nadu,JD(U),274,40607149,0.0006747580333699369
739,Tamil Nadu,JJ,1517,40607149,0.003735795389132096
740,Tamil Nadu,JMM(U),3512,40607149,0.008648723405821965
741,Tamil Nadu,LSP,4541,40607149,0.011182759961798846
742,Tamil Nadu,MAMAK,236679,40607149,0.5828505714597201
743,Tamil Nadu,MDMK,1417535,40607149,3.4908508351571297
744,Tamil Nadu,MMKA,8468,40607149,0.020853470899914694
745,Tamil Nadu,NMK,2511,40607149,0.0061836402255179244
746,Tamil Nadu,NOC,1198,40607149,0.0029502194305736657
747,Tamil Nadu,NOTA,581782,40607149,1.4327083144891557
748,Tamil Nadu,PMK,1804812,40607149,4.4445671376732205
749,Tamil Nadu,PT,262812,40607149,0.6472062345475177
750,Tamil Nadu,RPI,257,40607149,0.0006328934838542839
751,Tamil Nadu,RPI(A),4501,40607149,0.011084255139409072
752,Tamil Nadu,RSPS,1276,40607149,0.0031423038342337207
753,Tamil Nadu,SAP,3581,40607149,0.008818644224444321
754,Tamil Nadu,SDPI,42003,40607149,0.10343745137093964
755,Tamil Nadu,SP,16161,40607149,0.039798410866027555
756,Tamil Nadu,SUCI,2906,40607149,0.007156375346616922
757,Tamil Nadu,TNMC,49024,40607149,0.12072751032090434
758,Tamil Nadu,TTNC,474,40607149,0.001167282145318796
759,Tamil Nadu,UCPI,6472,40607149,0.015938080262665077
760,Tamil Nadu,UMK,9194,40607149,0.02264133342628905
761,Tamil Nadu,UPI,944,40607149,0.0023247138083986145
762,Tamil Nadu,VCK,606110,40607149,1.4926189474666147
763,Telangana,AAAP,46848,19432195,0.24108444774252213
764,Telangana,ABML(S),57644,19432195,0.2966417329591433
765,Telangana,AIACP,1593,19432195,0.008197735767884174
766,Telangana,AIFB,2015,19432195,0.010369389562012938
767,Telangana,AIMIM,680132,19432195,3.5000266310625228
768,Telangana,APRSSP,2743,19432195,0.014115749661836968
769,Telangana,BCBDP,596,19432195,0.0030670750267790133
770,Telangana,BCUF,7036,19432195,0.036207952832914655
771,Telangana,BJP,2014829,19432195,10.368509579077402
772,Telangana,BMUP,9344,19432195,0.048085149413126
773,Telangana,BSP,226204,19432195,1.1640681868414762
774,Telangana,CPI,187702,19432195,0.9659330816719367
775,Telangana,CPM,108458,19432195,0.5581356094872453
776,Telangana,ICSP,5148,19432195,0.02649211784875563
777,Telangana,INC,4755715,19432195,24.47338038754757
778,Telangana,IND,683159,19432195,3.515603872851214
779,Telangana,IUML,2197,19432195,0.011305979586968945
780,Telangana,JAP,873,19432195,0.004492544460365903
781,Telangana,JaSPa,15130,19432195,0.07786047844826588
782,Telangana,LSP,158248,19432195,0.81435988060021
783,Telangana,MBT,7112,19432195,0.03659905635981936
784,Telangana,MCPI,8824,19432195,0.04540917791325169
785,Telangana,MaSP,5724,19432195,0.02945627089477025
786,Telangana,NBNP,485,19432195,0.002495858033536613
787,Telangana,NCP,4769,19432195,0.024541746313270326
788,Telangana,NIP,5082,19432195,0.026152475312233126
789,Telangana,NOTA,154992,19432195,0.7976041821317664
790,Telangana,PPOI,103462,19432195,0.532425698692299
791,Telangana,RLD,5551,19432195,0.028565995761158224
792,Telangana,RP(K),45977,19432195,0.2366021954802327
793,Telangana,RPI,8609,19432195,0.044302766620034434
794,Telangana,RPI(A),40507,19432195,0.20845303374117025
795,Telangana,RPI(KH),1813,19432195,0.009329877556292533
796,Telangana,RSP,2058,19432195,0.01059067182065639
797,Telangana,SHP,7953,19432195,0.04092692565096223
798,Telangana,SHS,1390,19432195,0.00715307766312555
799,Telangana,SP(I),598,19432195,0.0030773672248554525
800,Telangana,SUCI,554,19432195,0.0028509388671737806
801,Telangana,TDP,2370011,19432195,12.196311327670395
802,Telangana,TECPI,2311,19432195,0.011892634877326004
803,Telangana,TLP,2567,19432195,0.013210036231110278
804,Telangana,TRS,6736270,19432195,34.66551256818903
805,Telangana,WPOI,83122,19432195,0.4277540442549079
806,Telangana,YSRCP,864406,19432195,4.448318885231442
807,Telangana,mmsp,959,19432195,0.004935108977652808
808,Telangana,pjdl,928,19432195,0.004775579907467993
809,Telangana,sps,547,19432195,0.0028149161739062416
810,Tripura,AAAP,9852,2023829,0.4868000211480318
811,Tripura,AITC,194755,2023829,9.623095627150317
812,Tripura,AMB,7031,2023829,0.3474107743292541
813,Tripura,BJP,115319,2023829,5.698060458665233
814,Tripura,CPI(ML)(L),8670,2023829,0.4283958773196747
815,Tripura,CPM,1295436,2023829,64.00916282946831
816,Tripura,INC,307592,2023829,15.19851726603384
817,Tripura,IND,17764,2023829,0.8777421412579818
818,Tripura,IPFT,21326,2023829,1.0537451533701712
819,Tripura,JMBP,5147,2023829,0.254319905486086
820,Tripura,NOTA,23783,2023829,1.1751486909220097
821,Tripura,SUCI,8202,2023829,0.40527139397646733
822,Tripura,TPGC,8952,2023829,0.442329860872633
823,Uttar Pradesh,A S P,557,81093120,0.0006868646809988319
824,Uttar Pradesh,AAAP,821302,81093120,1.0127887544590712
825,Uttar Pradesh,AAMJP,9371,81093120,0.011555850853931874
826,Uttar Pradesh,ABAS,296,81093120,0.00036501246961517824
827,Uttar Pradesh,ABHM,4332,81093120,0.00534200681882754
828,Uttar Pradesh,ABML(S),956,81093120,0.0011788916248382107
829,Uttar Pradesh,ABRS,683,81093120,0.0008422416106323201
830,Uttar Pradesh,ABSC,2530,81093120,0.003119870095021625
831,Uttar Pradesh,AD,812325,81093120,1.0017187647978028
832,Uttar Pradesh,ADPT,2363,81093120,0.0029139340057454935
833,Uttar Pradesh,ADUP,9265,81093120,0.011425136929002115
834,Uttar Pradesh,AGRJP,2037,81093120,0.002511927029074723
835,Uttar Pradesh,AIFB,3422,81093120,0.004219840104807905
836,Uttar Pradesh,AIMF,5195,81093120,0.006406215471793416
837,Uttar Pradesh,AIPF,7010,81093120,0.008644383148656754
838,Uttar Pradesh,AIRSP,543,81093120,0.0006696005777062222
839,Uttar Pradesh,AITC,99486,81093120,0.12268118429775547
840,Uttar Pradesh,ALHP,4910,81093120,0.006054767654765287
841,Uttar Pradesh,AMP,1920,81093120,0.002367648451557913
842,Uttar Pradesh,ANC,4026,81093120,0.004964662846860498
843,Uttar Pradesh,ARVP,12037,81093120,0.014843429380938852
844,Uttar Pradesh,ARWP,2029,81093120,0.0025020618271932317
845,Uttar Pradesh,ASP,23316,81093120,0.028752130883606404
846,Uttar Pradesh,ASaP,1617,81093120,0.0019940039302964296
847,Uttar Pradesh,Aa S P,1733,81093120,0.0021370493575780533
848,Uttar Pradesh,BC,3435,81093120,0.004235871057865328
849,Uttar Pradesh,BED,6408,81093120,0.007902026707074534
850,Uttar Pradesh,BHNKP,502,81093120,0.0006190414180635793
851,Uttar Pradesh,BJKD,6144,81093120,0.007576475044985321
852,Uttar Pradesh,BJP,34318854,81093120,42.32030288142817
853,Uttar Pradesh,BKP,1174,81093120,0.0014477183761088487
854,Uttar Pradesh,BKPP,7342,81093120,0.009053789026738642
855,Uttar Pradesh,BKSL,3826,81093120,0.004718032799823216
856,Uttar Pradesh,BKrD,4250,81093120,0.005240888499542255
857,Uttar Pradesh,BMF,2456,81093120,0.00302861697761783
858,Uttar Pradesh,BMUP,153830,81093120,0.1896955006787259
859,Uttar Pradesh,BNIP,1440,81093120,0.0017757363386684346
860,Uttar Pradesh,BRABSVP,3238,81093120,0.003992940461533605
861,Uttar Pradesh,BRAVP,1021,81093120,0.0012590463901253277
862,Uttar Pradesh,BRPI,2138,81093120,0.002636475202828551
863,Uttar Pradesh,BRPP,7722,81093120,0.00952238611610948
864,Uttar Pradesh,BRVP,1152,81093120,0.0014205890709347475
865,Uttar Pradesh,BSCP,31681,81093120,0.03906743260094074
866,Uttar Pradesh,BSD,1096,81093120,0.0013515326577643086
867,Uttar Pradesh,BSKD,1423,81093120,0.0017547727846702653
868,Uttar Pradesh,BSKP,1591,81093120,0.001961942024181583
869,Uttar Pradesh,BSP,15914194,81093120,19.6245920739022
870,Uttar Pradesh,BSP(K),5416,81093120,0.0066787416737696115
871,Uttar Pradesh,BaSaP,5845,81093120,0.007207763124664584
872,Uttar Pradesh,BaVaP,4142,81093120,0.005107708274142122
873,Uttar Pradesh,BhNP,2000,81093120,0.0024663004703728256
874,Uttar Pradesh,CPI,129471,81093120,0.15965719409982004
875,Uttar Pradesh,CPI(ML)(L),37712,81093120,0.04650456166935
876,Uttar Pradesh,CPIM,13532,81093120,0.016686988982542537
877,Uttar Pradesh,CPM,5637,81093120,0.00695126787574581
878,Uttar Pradesh,DND,4130,81093120,0.005092910471319885
879,Uttar Pradesh,DNP,5485,81093120,0.006763829039997474
880,Uttar Pradesh,EKSP,5341,81093120,0.006586255406130632
881,Uttar Pradesh,ESKP,2988,81093120,0.003684652902737002
882,Uttar Pradesh,GGP,11770,81093120,0.014514178268144079
883,Uttar Pradesh,GaAP,3284,81093120,0.00404966537235218
884,Uttar Pradesh,HKRD,2645,81093120,0.0032616823720680622
885,Uttar Pradesh,IBSP,1059,81093120,0.0013059060990624112
886,Uttar Pradesh,INC,6061267,81093120,7.474452826577643
887,Uttar Pradesh,IND,1414869,81093120,1.7447460401079646
888,Uttar Pradesh,INL,11924,81093120,0.014704083404362786
889,Uttar Pradesh,IOP,649,81093120,0.0008003145026359819
890,Uttar Pradesh,IPP,2155,81093120,0.0026574387568267196
891,Uttar Pradesh,ISSP,16903,81093120,0.020843938425355934
892,Uttar Pradesh,IUML,498,81093120,0.0006141088171228336
893,Uttar Pradesh,JAP,1376,81093120,0.001696814723616504
894,Uttar Pradesh,JD(U),53560,81093120,0.06604752659658428
895,Uttar Pradesh,JKM,2711,81093120,0.0033430702875903657
896,Uttar Pradesh,JMBP,3441,81093120,0.0042432699592764465
897,Uttar Pradesh,JPS,13786,81093120,0.017000209142279888
898,Uttar Pradesh,JRPa,3846,81093120,0.004742695804526943
899,Uttar Pradesh,JSEP,6636,81093120,0.008183184960697035
900,Uttar Pradesh,JSK,4489,81093120,0.005535611405751807
901,Uttar Pradesh,JaRaP,2543,81093120,0.003135901048079048
902,Uttar Pradesh,JaRaPa,1318,81093120,0.0016252920099756923
903,Uttar Pradesh,KMBS,7839,81093120,0.00966666469362629
904,Uttar Pradesh,LD,28238,81093120,0.034821696341193926
905,Uttar Pradesh,LPI(V),1993,81093120,0.002457668418726521
906,Uttar Pradesh,LPSP,6874,81093120,0.008476674716671401
907,Uttar Pradesh,MADP,15742,81093120,0.019412251002304513
908,Uttar Pradesh,MBCOI,19417,81093120,0.02394407811661458
909,Uttar Pradesh,MD,22774,81093120,0.028083763456135363
910,Uttar Pradesh,MKUP,360,81093120,0.00044393408466710866
911,Uttar Pradesh,MOP,5406,81093120,0.006666410171417748
912,Uttar Pradesh,MOSP,1695,81093120,0.00209018964864097
913,Uttar Pradesh,MaJP,997,81093120,0.0012294507844808537
914,Uttar Pradesh,MaSPa,2425,81093120,0.002990389320327051
915,Uttar Pradesh,MwSP,17890,81093120,0.022061057707484927
916,Uttar Pradesh,NADP,4097,81093120,0.005052216513558734
917,Uttar Pradesh,NAP,36181,81093120,0.044616608659279605
918,Uttar Pradesh,NBDP,13044,81093120,0.01608521166777157
919,Uttar Pradesh,NCP,27566,81093120,0.03399301938314866
920,Uttar Pradesh,NEP,2917,81093120,0.003597099236038766
921,Uttar Pradesh,NJC,1463,81093120,0.001804098794077722
922,Uttar Pradesh,NLP,773,81093120,0.0009532251317990971
923,Uttar Pradesh,NNP,441,81093120,0.0005438192537172081
924,Uttar Pradesh,NOTA,592331,81093120,0.730433111958203
925,Uttar Pradesh,NP,791,81093120,0.0009754218360324525
926,Uttar Pradesh,NYP,523,81093120,0.0006449375730024939
927,Uttar Pradesh,PECP,500482,81093120,0.6171694960065662
928,Uttar Pradesh,PGSP,4052,81093120,0.0049967247529753445
929,Uttar Pradesh,PMSP,32138,81093120,0.03963098225842094
930,Uttar Pradesh,PPI,4082,81093120,0.005033719260030938
931,Uttar Pradesh,PSJP,433,81093120,0.0005339540518357167
932,Uttar Pradesh,QED,354577,81093120,0.43724671094169276
933,Uttar Pradesh,RAC,4527,81093120,0.005582471114688891
934,Uttar Pradesh,RAHM,1493,81093120,0.0018410933011333145
935,Uttar Pradesh,RGD,1111,81093120,0.0013700299112921047
936,Uttar Pradesh,RJ,553,81093120,0.0006819320800580864
937,Uttar Pradesh,RJPK,10797,81093120,0.0133143230893077
938,Uttar Pradesh,RKSP,10020,81093120,0.012356165356567857
939,Uttar Pradesh,RLD,689409,81093120,0.8501448704896297
940,Uttar Pradesh,RMGP,1835,81093120,0.0022628306815670675
941,Uttar Pradesh,RND,977,81093120,0.0012047877797771254
942,Uttar Pradesh,RPD,95644,81093120,0.11794342109416928
943,Uttar Pradesh,RPI(A),14716,81093120,0.018147038861003252
944,Uttar Pradesh,RRP,2225,81093120,0.0027437592732897685
945,Uttar Pradesh,RSD,665,81093120,0.0008200449063989646
946,Uttar Pradesh,RSMD,12383,81093120,0.01527009936231335
947,Uttar Pradesh,RSOSP,1054,81093120,0.0012997403478864791
948,Uttar Pradesh,RSPS,1723,81093120,0.0021247178552261893
949,Uttar Pradesh,RTKP,4112,81093120,0.00507071376708653
950,Uttar Pradesh,RUC,53792,81093120,0.06633361745114752
951,Uttar Pradesh,RVLP,2958,81093120,0.0036476583956814093
952,Uttar Pradesh,RVMP,1434,81093120,0.0017683374372573161
953,Uttar Pradesh,RVNP,810,81093120,0.0009988516905009943
954,Uttar Pradesh,RVP,2396,81093120,0.002954627963506645
955,Uttar Pradesh,RWSP,2181,81093120,0.0026895006629415663
956,Uttar Pradesh,RaAD,4327,81093120,0.005335841067651608
957,Uttar Pradesh,RaBaP,1521,81093120,0.0018756215077185337
958,Uttar Pradesh,RaCP,7650,81093120,0.009433599299176058
959,Uttar Pradesh,RaIP,4219,81093120,0.005202660842251476
960,Uttar Pradesh,RaMSP,1572,81093120,0.0019385121697130408
961,Uttar Pradesh,RrSP,4215,81093120,0.0051977282413107305
962,Uttar Pradesh,RsAD,2329,81093120,0.0028720068977491553
963,Uttar Pradesh,RshJP,1571,81093120,0.0019372790194778545
964,Uttar Pradesh,RtJP,4117,81093120,0.005076879518262462
965,Uttar Pradesh,RtrJP,1526,81093120,0.001881787258894466
966,Uttar Pradesh,S(J),14152,81093120,0.017451542128358116
967,Uttar Pradesh,SARP,9561,81093120,0.011790149398617293
968,Uttar Pradesh,SBSP,111433,81093120,0.13741363015752753
969,Uttar Pradesh,SHS,27844,81093120,0.034335835148530475
970,Uttar Pradesh,SP,17988967,81093120,22.18309888681062
971,Uttar Pradesh,SP(I),7046,81093120,0.008688776557123464
972,Uttar Pradesh,SPP,28939,81093120,0.035686134656059604
973,Uttar Pradesh,SSAD,6788,81093120,0.00837062379644537
974,Uttar Pradesh,SSD,3618,81093120,0.004461537550904442
975,Uttar Pradesh,SSKP,10239,81093120,0.012626225258073682
976,Uttar Pradesh,SUCI,5066,81093120,0.006247139091454367
977,Uttar Pradesh,SWPI,11361,81093120,0.014009819821952837
978,Uttar Pradesh,SaDa,2329,81093120,0.0028720068977491553
979,Uttar Pradesh,SaSaP,4947,81093120,0.006100394213467184
980,Uttar Pradesh,UPRP,542,81093120,0.0006683674274710358
981,Uttar Pradesh,VAJP,350,81093120,0.0004316025823152445
982,Uttar Pradesh,VIP,12122,81093120,0.014948247150929695
983,Uttar Pradesh,aicp,858,81093120,0.0010580429017899423
984,Uttar Pradesh,jhspt,27122,81093120,0.03344550067872589
985,Uttar Pradesh,kajp,1730,81093120,0.0021333499068724943
986,Uttar Pradesh,shsap,2982,81093120,0.0036772540013258834
987,Uttar Pradesh,ssrd,7115,81093120,0.008773863923351327
988,Uttarakhand,AAAP,70328,4391890,1.6013151513357575
989,Uttarakhand,ABML(S),614,4391890,0.013980313714596676
990,Uttarakhand,AIMF,454,4391890,0.010337235222193633
991,Uttarakhand,ANC,2706,4391890,0.061613565002766456
992,Uttarakhand,BCP,802,4391890,0.018260930943170255
993,Uttarakhand,BJP,2429698,4391890,55.3223782927168
994,Uttarakhand,BKLJP,3392,4391890,0.07723326403894451
995,Uttarakhand,BMNSP,877,4391890,0.01996862398648418
996,Uttarakhand,BMUP,664,4391890,0.015118775743472626
997,Uttarakhand,BSP,207846,4391890,4.732495577075018
998,Uttarakhand,CPI,6525,4391890,0.14856929476831157
999,Uttarakhand,CPI(ML)(L),11392,4391890,0.25938718865909666
1000,Uttarakhand,CPM,6577,4391890,0.14975329527834258
1001,Uttarakhand,HKRD,710,4391890,0.016166160810038504
1002,Uttarakhand,INC,1494440,4391890,34.02726388866752
1003,Uttarakhand,IND,76158,4391890,1.7340598239026932
1004,Uttarakhand,NADP,1793,4391890,0.0408252483554916
1005,Uttarakhand,NOTA,48043,4391890,1.0939026250657462
1006,Uttarakhand,PECP,1964,4391890,0.044718788494247354
1007,Uttarakhand,PHRC,637,4391890,0.014504006247879616
1008,Uttarakhand,RLD,1958,4391890,0.044582173050782235
1009,Uttarakhand,RMGP,1037,4391890,0.023611702478887223
1010,Uttarakhand,SHS,1043,4391890,0.02374831792235234
1011,Uttarakhand,SP,17441,4391890,0.3971183249125092
1012,Uttarakhand,UPP,2045,4391890,0.04656309698102639
1013,Uttarakhand,kajp,1117,4391890,0.025433241725088745
1014,Uttarakhand,raup,1629,4391890,0.037091092900778486
1015,West Bengal,AAAP,11986,51631828,0.023214363047537268
1016,West Bengal,AIFB,1106038,51631828,2.1421631633882883
1017,West Bengal,AIMF,1195,51631828,0.0023144638613221283
1018,West Bengal,AITC,20316262,51631828,39.34832987125693
1019,West Bengal,AIUDF,95428,51631828,0.18482398105292727
1020,West Bengal,AKBJHP,8364,51631828,0.01619931023941279
1021,West Bengal,AMB,51550,51631828,0.09984151636079977
1022,West Bengal,BJP,8692297,51631828,16.835152534208163
1023,West Bengal,BMUP,56383,51631828,0.10920202166772015
1024,West Bengal,BSP,252594,51631828,0.4892214933780768
1025,West Bengal,CPI,1202785,51631828,2.3295417702429595
1026,West Bengal,CPI(ML)(L),34843,51631828,0.06748356846865851
1027,West Bengal,CPIM,7253,51631828,0.014047536724827949
1028,West Bengal,CPM,11723166,51631828,22.70530882617598
1029,West Bengal,GaAP,4189,51631828,0.00811321264860117
1030,West Bengal,HKRD,3348,51631828,0.006484372391386182
1031,West Bengal,IJP,1103,51631828,0.0021362791958479564
1032,West Bengal,INC,4946911,51631828,9.581126974625032
1033,West Bengal,IND,473000,51631828,0.9161015953182985
1034,West Bengal,IUC,13527,51631828,0.026198956194229652
1035,West Bengal,IUML,29564,51631828,0.05725925489215683
1036,West Bengal,JD(U),2205,51631828,0.0042706216018538025
1037,West Bengal,JDP,60608,51631828,0.1173849587506373
1038,West Bengal,JHAP,12240,51631828,0.02370630766743335
1039,West Bengal,JKP(N),7608,51631828,0.014735097118777199
1040,West Bengal,JMM,61451,51631828,0.11901767258753651
1041,West Bengal,JVM,12117,51631828,0.023468082516853752
1042,West Bengal,JeSM,10564,51631828,0.02046024789205604
1043,West Bengal,NOTA,571294,51631828,1.1064764160587148
1044,West Bengal,NSBP,3829,51631828,0.007415968305441364
1045,West Bengal,PDS,22284,51631828,0.043159424841591895
1046,West Bengal,RAHM,1720,51631828,0.003331278528430177
1047,West Bengal,RJNP,18210,51631828,0.03526894302483344
1048,West Bengal,RPI(A),20144,51631828,0.03901469457947528
1049,West Bengal,RSP,1255794,51631828,2.4322090629833983
1050,West Bengal,RaJSP,32514,51631828,0.062972784926383
1051,West Bengal,SDPI,47861,51631828,0.0926966986332539
1052,West Bengal,SP,51660,51631828,0.10005456324343194
1053,West Bengal,SUCI,350616,51631828,0.6790695072814389
1054,West Bengal,SWJP,5340,51631828,0.010342457756870432
1055,West Bengal,TRMRPPI,1071,51631828,0.002074301920900418
1056,West Bengal,WPOI,48006,51631828,0.09297753316035992
1057,West Bengal,grac,2906,51631828,0.00562831128117331
